insert into public.settings (id, company_name, logo_url, phone, email, address, default_validity, default_notes, labor_rate_per_linear_meter, default_fronton_height, default_skirt_height, default_turn_height, cutout_prices, payment_methods, sculpted_sink_rates, material_catalog)
values
  ('global', 'D’Coratto Sob Medida', null, '(11) 96264-3566', 'wellington@dcoratto.com', 'W.B DE JESUS PLANEJADO E DECORACAO
CNPJ: 32.445.695/0001-01
Estrada da Pedreira , 544
Parquelândia-Mogi das Cruzes-SP', 15, 'Orçamento sujeito a confirmação de medidas no local.', 200, 10, 6, 6, '{"cooktop":60,"sinkUnder":60,"sinkOver":60,"faucetHole":30,"trashBinCutout":60,"popUpTowerCutout":45,"wetAreaAmericanRecess":120,"wetAreaItalianRecess":160,"sinkSculpted":false,"sinkSculptedPrice":200}'::jsonb, '[{"name":"A vista (Dinheiro/Pix)","adjustment":-5},{"name":"Cartao de Debito","adjustment":0},{"name":"Cartao de Credito 1x","adjustment":3},{"name":"Parcelado 10x","adjustment":15}]'::jsonb, '{"simple":200,"ramp":200,"hiddenValve":200,"extraSink":200,"riskPercentage":10}'::jsonb, '{"materialTypes":["Chapa","Lamina"],"naturalThicknesses":["2cm"],"slabThicknesses":["6mm","12mm"],"textures":["Polido","Escovado","Acetinado","Flameado","Fosco","Levigado"],"materialCategories":["Granito","Lâmina Ultracompacta","Mármore","Porcelanato","Quartzito","Quartzo","Superfície Sinterizada"],"suppliers":[{"id":"Estrela do Sul","name":"Estrela do Sul","whatsapp":"28 999232227","contactName":"Luciano Schuina","city":"Cachoeiro De Itapemirim - ES","notes":""},{"id":"Iven Stones","name":"Iven Stones","whatsapp":"11 976169616","contactName":"Sergio Campos","city":"Ipiranga, São Paulo - SP","notes":""},{"id":"MGA","name":"MGA","whatsapp":"28 999476288","contactName":"Fabricio","city":"Cachoeiro De Itapemirim - ES","notes":""},{"id":"MGA (2)","name":"MGA","whatsapp":"28 999215247","contactName":"Mariana","city":"Cachoeiro De Itapemirim - ES","notes":""},{"id":"Phoenix Brasil Stones","name":"Phoenix Brasil Stones","whatsapp":"28 999047874","contactName":"Nicacio Almeida","city":"Cachoeiro De Itapemirim - ES","notes":"Mármores, Quartzitos, Importados, Exóticos e Super exóticos"},{"id":"Qualigran","name":"Qualigran","whatsapp":"28 999114388","contactName":"Ígor Brunhara","city":"Cachoeiro De Itapemirim - ES","notes":"Vendas de Mármores, Granitos,  Quartzitos, Mármores Dolomíticos, Quartzo e Lâminas Ultracompacta"},{"id":"Terlos Stones","name":"Terlos Stones","whatsapp":"28 999596837","contactName":"Edmar","city":"Cachoeiro de Itapemirim - ES","notes":""},{"id":"VR STONE","name":"VR STONE","whatsapp":"28 999781397","contactName":"Marcelo Violante","city":"Cachoeiro De Itapemirim - ES","notes":""}],"materialLines":["Nacional","Importado","Premium","Super Premium"]}'::jsonb)
on conflict (id) do update set
  company_name = excluded.company_name,
  logo_url = excluded.logo_url,
  phone = excluded.phone,
  email = excluded.email,
  address = excluded.address,
  default_validity = excluded.default_validity,
  default_notes = excluded.default_notes,
  labor_rate_per_linear_meter = excluded.labor_rate_per_linear_meter,
  default_fronton_height = excluded.default_fronton_height,
  default_skirt_height = excluded.default_skirt_height,
  default_turn_height = excluded.default_turn_height,
  cutout_prices = excluded.cutout_prices,
  payment_methods = excluded.payment_methods,
  sculpted_sink_rates = excluded.sculpted_sink_rates,
  material_catalog = excluded.material_catalog;

insert into public.profiles (id, auth_user_id, name, email, role, blocked, phone, photo_url, position, calendar_feed_token, created_at, updated_at)
values
  ('oQEE1LSKn3Rt4T9jUML4Ih4k2we2', null, 'Wellington Oliveira', 'welfernandes08@hotmail.com', 'user', false, null, null, null, null, null, null),
  ('ClKdFkNRd3VlAqX1BHEAV2YMEYs2', null, 'brian_takiya77', 'brian_takiya77@outlook.com', 'admin', false, null, null, null, null, null, null),
  ('a7HNZZyjLtZ9vwK2quKJzaCKaf73', null, 'vinny.iprisd', 'vinny.iprisd@gmail.com', 'user', false, null, null, null, '0ea6ce8eb30149f592d0ca73ed4bb112', null, null),
  ('E687XiV5FNhbdBQCVLeU5X9zRZl1', null, 'DOG', 'dogrecords4m@gmail.com', 'user', false, null, null, null, null, null, null),
  ('lr7O5vB69Zf5JuxgKkb5Q5ib1Am1', null, 'Jéssica Rodrigues Leite Benedito', 'jhessypresentes.s2@gmail.com', 'user', false, null, null, null, null, null, null),
  ('JPSHn4Zeq4RhmdQO313pIW4mVJH2', null, 'Brian Takiya', 'brian_takiya77@outlook.com', 'admin', false, '11961745136', null, 'Vendedor', '0ca3e041a3814689adec5c41c4606995', null, '2026-05-12T20:20:07.518Z'::timestamptz),
  ('VlN44VojjDaGp2AVF398Gc3btiD3', null, 'fabioduarte232', 'fabioduarte232@yahoo.com', 'user', false, null, null, null, '36c655d0435e4e518474233a22476af7', null, null),
  ('teaHQJYhs6YKcqKbuAj7Jli96sI2', null, 'brunocraftertb', 'brunocraftertb@gmail.com', 'user', false, null, null, null, null, null, null),
  ('oMgxor0aUPUPVrNNK1Q5E4hLjC63', null, 'Rafael Lucena', 'rafael.edf25@gmail.com', 'user', false, null, null, null, null, null, '2026-05-02T13:50:15.886Z'::timestamptz),
  ('zSxmWGUnKvc8XO4gyyoA630ypq22', null, 'rhhirakawa', 'rhhirakawa@gmail.com', 'user', false, null, null, null, '713779bab60648a5958868c6f909499d', null, null)
on conflict (id) do update set
  auth_user_id = excluded.auth_user_id,
  name = excluded.name,
  email = excluded.email,
  role = excluded.role,
  blocked = excluded.blocked,
  phone = excluded.phone,
  photo_url = excluded.photo_url,
  position = excluded.position,
  calendar_feed_token = excluded.calendar_feed_token,
  created_at = excluded.created_at,
  updated_at = excluded.updated_at;

insert into public.users (id, auth_user_id, nome, name, email, role, permissions, blocked, created_at, updated_at, updated_by_uid, updated_by_email, updated_by_name)
values
  ('oQEE1LSKn3Rt4T9jUML4Ih4k2we2', null, 'Wellington Oliveira', 'Wellington Oliveira', 'welfernandes08@hotmail.com', 'liberacao', '{"dashboard":{"visualizar":true},"orcamento":{"visualizar":true,"criar":false,"editar":false,"excluir":false,"aprovar":false},"historico":{"visualizar":true},"materiais":{"visualizar":true,"editar":false},"estoque":{"visualizar":true,"adicionar":false,"editar":false,"excluir":false,"movimentar":false},"relatorios":{"visualizar":true,"exportar":false,"verFaturamento":false,"verProdutividade":false},"admin":{"visualizarUsuarios":false,"alterarPermissoes":false,"excluirUsuarios":false},"cliente":{"visualizar":true,"editarDados":false,"alterarEtapa":false,"anexarArquivos":false,"avaliarFuncionarios":false},"medicao":{"visualizar":true,"criar":false,"editar":false},"projeto":{"visualizar":true,"criar":false,"editar":false,"aprovar":true},"producao":{"visualizar":true,"alterarEtapa":true,"conferirMedidas":true,"finalizarProducao":true},"liberacao":{"visualizar":true,"aprovar":true,"reprovar":true}}'::jsonb, false, '2026-05-20T12:54:15.889Z'::timestamptz, '2026-05-20T13:32:04.133Z'::timestamptz, 'JPSHn4Zeq4RhmdQO313pIW4mVJH2', 'brian_takiya77@outlook.com', 'brian_takiya77'),
  ('a7HNZZyjLtZ9vwK2quKJzaCKaf73', null, 'vinny.iprisd', 'vinny.iprisd', 'vinny.iprisd@gmail.com', 'vendedor', '{"dashboard":{"visualizar":true},"orcamento":{"visualizar":true,"criar":true,"editar":true,"excluir":true,"aprovar":true},"historico":{"visualizar":true},"materiais":{"visualizar":true,"editar":false},"estoque":{"visualizar":true,"adicionar":false,"editar":false,"excluir":false,"movimentar":false},"relatorios":{"visualizar":true,"exportar":false,"verFaturamento":false,"verProdutividade":false},"admin":{"visualizarUsuarios":false,"alterarPermissoes":false,"excluirUsuarios":false},"cliente":{"visualizar":true,"editarDados":true,"alterarEtapa":true,"anexarArquivos":true,"avaliarFuncionarios":false},"medicao":{"visualizar":true,"criar":true,"editar":true},"projeto":{"visualizar":true,"criar":true,"editar":true,"aprovar":false},"producao":{"visualizar":true,"alterarEtapa":false,"conferirMedidas":false,"finalizarProducao":false},"liberacao":{"visualizar":true,"aprovar":false,"reprovar":false}}'::jsonb, false, '2026-05-13T15:40:57.116Z'::timestamptz, '2026-05-20T13:31:41.618Z'::timestamptz, 'JPSHn4Zeq4RhmdQO313pIW4mVJH2', 'brian_takiya77@outlook.com', 'brian_takiya77'),
  ('lr7O5vB69Zf5JuxgKkb5Q5ib1Am1', null, 'Jéssica Rodrigues Leite Benedito', 'Jéssica Rodrigues Leite Benedito', 'jhessypresentes.s2@gmail.com', 'administrativo', '{"dashboard":{"visualizar":true},"orcamento":{"visualizar":true,"criar":false,"editar":false,"excluir":false,"aprovar":false},"historico":{"visualizar":true},"materiais":{"visualizar":true,"editar":true},"estoque":{"visualizar":true,"adicionar":true,"editar":true,"excluir":true,"movimentar":true},"relatorios":{"visualizar":true,"exportar":true,"verFaturamento":true,"verProdutividade":true},"admin":{"visualizarUsuarios":false,"alterarPermissoes":false,"excluirUsuarios":false},"cliente":{"visualizar":true,"editarDados":true,"alterarEtapa":false,"anexarArquivos":true,"avaliarFuncionarios":false},"medicao":{"visualizar":true,"criar":false,"editar":false},"projeto":{"visualizar":true,"criar":false,"editar":false,"aprovar":false},"producao":{"visualizar":true,"alterarEtapa":false,"conferirMedidas":false,"finalizarProducao":false},"liberacao":{"visualizar":true,"aprovar":false,"reprovar":false}}'::jsonb, false, '2026-05-14T13:46:35.266Z'::timestamptz, '2026-05-20T13:30:35.849Z'::timestamptz, 'JPSHn4Zeq4RhmdQO313pIW4mVJH2', 'brian_takiya77@outlook.com', 'brian_takiya77'),
  ('JPSHn4Zeq4RhmdQO313pIW4mVJH2', null, 'brian_takiya77', 'brian_takiya77', 'brian_takiya77@outlook.com', 'administrativo', '{"orcamento":{"visualizar":false,"criar":false,"editar":false,"excluir":false,"aprovar":false},"estoque":{"visualizar":true,"adicionar":true,"editar":true,"excluir":true,"movimentar":true},"relatorios":{"visualizar":true,"exportar":true,"verFaturamento":true,"verProdutividade":false},"admin":{"visualizarUsuarios":false,"alterarPermissoes":false,"excluirUsuarios":false},"cliente":{"visualizar":true,"editarDados":true,"alterarEtapa":false,"anexarArquivos":true,"avaliarFuncionarios":false},"medicao":{"visualizar":true,"criar":false,"editar":false},"projeto":{"visualizar":true,"criar":false,"editar":false,"aprovar":false},"producao":{"visualizar":false,"alterarEtapa":false,"conferirMedidas":false,"finalizarProducao":false},"liberacao":{"visualizar":false,"aprovar":false,"reprovar":false}}'::jsonb, false, '2026-05-12T20:08:33.918Z'::timestamptz, '2026-05-12T20:08:33.918Z'::timestamptz, null, null, null),
  ('VlN44VojjDaGp2AVF398Gc3btiD3', null, 'fabioduarte232', 'fabioduarte232', 'fabioduarte232@yahoo.com', 'administrativo', '{"dashboard":{"visualizar":true},"orcamento":{"visualizar":true,"criar":false,"editar":false,"excluir":false,"aprovar":false},"historico":{"visualizar":true},"materiais":{"visualizar":true,"editar":false},"estoque":{"visualizar":true,"adicionar":false,"editar":false,"excluir":false,"movimentar":false},"relatorios":{"visualizar":true,"exportar":true,"verFaturamento":true,"verProdutividade":true},"admin":{"visualizarUsuarios":false,"alterarPermissoes":false,"excluirUsuarios":false},"cliente":{"visualizar":true,"editarDados":true,"alterarEtapa":true,"anexarArquivos":true,"avaliarFuncionarios":true},"medicao":{"visualizar":true,"criar":true,"editar":true},"projeto":{"visualizar":true,"criar":false,"editar":false,"aprovar":true},"producao":{"visualizar":true,"alterarEtapa":true,"conferirMedidas":true,"finalizarProducao":true},"liberacao":{"visualizar":true,"aprovar":true,"reprovar":true}}'::jsonb, false, '2026-05-19T20:43:02.089Z'::timestamptz, '2026-05-20T13:30:13.118Z'::timestamptz, 'JPSHn4Zeq4RhmdQO313pIW4mVJH2', 'brian_takiya77@outlook.com', 'brian_takiya77'),
  ('teaHQJYhs6YKcqKbuAj7Jli96sI2', null, 'brunocraftertb', 'brunocraftertb', 'brunocraftertb@gmail.com', 'administrativo', '{"dashboard":{"visualizar":true},"orcamento":{"visualizar":true,"criar":true,"editar":true,"excluir":true,"aprovar":true},"historico":{"visualizar":true},"materiais":{"visualizar":true,"editar":true},"estoque":{"visualizar":true,"adicionar":true,"editar":true,"excluir":true,"movimentar":true},"relatorios":{"visualizar":true,"exportar":true,"verFaturamento":true,"verProdutividade":false},"admin":{"visualizarUsuarios":true,"alterarPermissoes":false,"excluirUsuarios":false},"cliente":{"visualizar":true,"editarDados":true,"alterarEtapa":true,"anexarArquivos":true,"avaliarFuncionarios":true},"medicao":{"visualizar":true,"criar":true,"editar":true},"projeto":{"visualizar":true,"criar":true,"editar":true,"aprovar":true},"producao":{"visualizar":true,"alterarEtapa":true,"conferirMedidas":true,"finalizarProducao":true},"liberacao":{"visualizar":true,"aprovar":true,"reprovar":true}}'::jsonb, false, '2026-05-18T17:41:28.187Z'::timestamptz, '2026-05-20T13:29:30.063Z'::timestamptz, 'JPSHn4Zeq4RhmdQO313pIW4mVJH2', 'brian_takiya77@outlook.com', 'brian_takiya77'),
  ('oMgxor0aUPUPVrNNK1Q5E4hLjC63', null, 'rafael.edf25', 'rafael.edf25', 'rafael.edf25@gmail.com', 'administrativo', '{"dashboard":{"visualizar":true},"orcamento":{"visualizar":true,"criar":true,"editar":true,"excluir":true,"aprovar":true},"historico":{"visualizar":true},"materiais":{"visualizar":true,"editar":true},"estoque":{"visualizar":true,"adicionar":true,"editar":true,"excluir":true,"movimentar":true},"relatorios":{"visualizar":true,"exportar":true,"verFaturamento":true,"verProdutividade":true},"admin":{"visualizarUsuarios":true,"alterarPermissoes":true,"excluirUsuarios":true},"cliente":{"visualizar":true,"editarDados":true,"alterarEtapa":true,"anexarArquivos":true,"avaliarFuncionarios":true},"medicao":{"visualizar":true,"criar":true,"editar":true},"projeto":{"visualizar":true,"criar":true,"editar":true,"aprovar":true},"producao":{"visualizar":true,"alterarEtapa":true,"conferirMedidas":true,"finalizarProducao":true},"liberacao":{"visualizar":true,"aprovar":true,"reprovar":true}}'::jsonb, false, '2026-05-12T20:20:21.714Z'::timestamptz, '2026-05-20T13:30:50.869Z'::timestamptz, 'JPSHn4Zeq4RhmdQO313pIW4mVJH2', 'brian_takiya77@outlook.com', 'brian_takiya77'),
  ('zSxmWGUnKvc8XO4gyyoA630ypq22', null, 'rhhirakawa', 'rhhirakawa', 'rhhirakawa@gmail.com', 'administrativo', '{"dashboard":{"visualizar":true},"orcamento":{"visualizar":true,"criar":false,"editar":false,"excluir":false,"aprovar":false},"historico":{"visualizar":true},"materiais":{"visualizar":true,"editar":true},"estoque":{"visualizar":true,"adicionar":true,"editar":true,"excluir":true,"movimentar":true},"relatorios":{"visualizar":true,"exportar":true,"verFaturamento":true,"verProdutividade":true},"admin":{"visualizarUsuarios":false,"alterarPermissoes":false,"excluirUsuarios":false},"cliente":{"visualizar":true,"editarDados":true,"alterarEtapa":false,"anexarArquivos":true,"avaliarFuncionarios":false},"medicao":{"visualizar":true,"criar":false,"editar":false},"projeto":{"visualizar":true,"criar":false,"editar":false,"aprovar":false},"producao":{"visualizar":true,"alterarEtapa":false,"conferirMedidas":false,"finalizarProducao":false},"liberacao":{"visualizar":true,"aprovar":false,"reprovar":false}}'::jsonb, false, '2026-05-13T15:44:29.920Z'::timestamptz, '2026-05-20T13:31:12.528Z'::timestamptz, 'JPSHn4Zeq4RhmdQO313pIW4mVJH2', 'brian_takiya77@outlook.com', 'brian_takiya77')
on conflict (id) do update set
  auth_user_id = excluded.auth_user_id,
  nome = excluded.nome,
  name = excluded.name,
  email = excluded.email,
  role = excluded.role,
  permissions = excluded.permissions,
  blocked = excluded.blocked,
  created_at = excluded.created_at,
  updated_at = excluded.updated_at,
  updated_by_uid = excluded.updated_by_uid,
  updated_by_email = excluded.updated_by_email,
  updated_by_name = excluded.updated_by_name;

-- employees: sem registros para importar.

insert into public.condominiums (id, name, city, address_mode, allowed_weekdays, work_start_hour, work_end_hour, block_national_holidays, block_city_holidays, notes, created_at, updated_at)
values
  ('QINoeIcx40lbFcdoHfFE', 'Aruã Ecopark Lagos', 'Mogi Das Cruzes', 'lot', '[0,1,2,3,4]'::jsonb, '08:00', '17:00', true, true, null, null, null),
  ('loBkEedr4HsiFG7aQbih', 'Aruã', 'Mogi Das Cruzes', 'lot', '[0,1,2,3,4]'::jsonb, '08:00', '17:00', true, true, null, null, null),
  ('q50vj4T1sLvH4bolhvms', 'Aruã Brisas II', 'Mogi Das Cruzes', 'lot', '[0,1,2,3,4]'::jsonb, '08:00', '17:00', true, true, null, null, null),
  ('b3K2Xqo2kemKp7VHwFsU', 'Condomínio Real Park II', 'Mogi Das Cruzes', 'lot', '[0,1,2,3,4]'::jsonb, '08:00', '17:00', true, true, null, null, null),
  ('FRCi7OrqxPs5ErNVi6Gw', 'Parque Firenze', 'São Paulo', 'street', '[0,1,2,3,4]'::jsonb, '08:00', '17:00', true, true, null, null, null),
  ('1sMGeff5ctb4agqnmMwt', 'Treviso', 'São Paulo', 'street', '[0,1,2,3,4]'::jsonb, '08:00', '17:00', true, true, null, null, null),
  ('aJB6QPCWmiCMGlSMkn7W', 'Linea Home Resort', 'São Paulo', 'street', '[0,1,2,3,4]'::jsonb, '08:00', '17:00', true, true, null, null, null),
  ('h8UiN8Un5ip3VgoUMTEl', 'Aruã Ecopark Lagos II', 'Mogi das Cruzes', 'lot', '[0,1,2,3,4]'::jsonb, '08:00', '17:00', true, true, null, null, null),
  ('Yu5GaSapNZ2Ti5xwkXJc', 'Monterrey Ville', 'Mogi Das Cruzes', 'lot', '[0,1,2,3,4]'::jsonb, '08:00', '17:00', true, true, null, null, null),
  ('lVQdhuAHfipDlWyWPVt9', 'Residencial Terra do sol', 'Suzano', 'street', '[0,1,2,3,4]'::jsonb, '08:00', '17:00', true, true, null, null, null)
on conflict (id) do update set
  name = excluded.name,
  city = excluded.city,
  address_mode = excluded.address_mode,
  allowed_weekdays = excluded.allowed_weekdays,
  work_start_hour = excluded.work_start_hour,
  work_end_hour = excluded.work_end_hour,
  block_national_holidays = excluded.block_national_holidays,
  block_city_holidays = excluded.block_city_holidays,
  notes = excluded.notes,
  created_at = excluded.created_at,
  updated_at = excluded.updated_at;

insert into public.clients (id, name, phone, email, google_drive_url, manual_stage, manual_quote_status, legacy_project_mode, legacy_manual_quote, cpf, rg, birth_date, address, street_address, notes, city, zip_code, neighborhood, address_type, condominium_id, condominium_name, block, lot, tower, apartment_number, created_at, updated_at)
values
  ('2fmLjYQJTXsn2TvQ8rpO', 'ANDRÉIA FLORENÇO MACHADO', '11-959852611', 'andreia.florenco@icloud.com', 'https://drive.google.com/open?id=12ydCTG9An-nRfr_Dn_TICrs_SL_wCPgf&usp=drive_fs', 'approved', 'Projeto', 'orcamento_existente', '{"totalPrice":78758.55,"updatedAt":{"__type":"timestamp","iso":"2026-05-20T16:04:57.505Z","seconds":1779293097,"nanoseconds":505000000},"pieces":[{"value":4164.07,"status":"Projeto","items":[],"id":"ztoonsaz1","name":"AS-MARMO - AREA DE SERVIÇO"},{"items":[],"status":"Projeto","id":"r2o9bg1fx","name":"AT-MARMO - COZINHA COMPLETA","value":46847.21},{"status":"Projeto","items":[],"id":"m5cbgwt5k","name":"AU-MARMO - WC ANA","value":6870.69},{"value":3372.89,"name":"AV-MARMO - WC ANDRE","status":"Projeto","items":[],"id":"sdtx981rm"},{"name":"AW-MARMO - WC MASTER","id":"s87jk82d1","items":[],"status":"Projeto","value":2654.58},{"value":3018.95,"name":"AX-MARMO - WC VISITAS","status":"Projeto","items":[],"id":"qex8vryi3"},{"name":"AY-MARMO - WC EXTERNO","items":[],"status":"Projeto","id":"3pc4l1qmu","value":1358.55},{"value":3809.11,"status":"Projeto","items":[],"id":"ly52f4dj8","name":"AZ-MARMO - WC LAVABO"},{"value":6662.5,"name":"BA-SOLEIRAS PISCINA E REVEST. SPA","id":"xbxzcy9i8","items":[],"status":"Projeto"}]}'::jsonb, '274.461.818-77', '26.763.109-1', '17/09/1978', 'Bairro Vila Caputera · Mogi Das Cruzes · CEP 08725225 · Condomínio Condomínio Real Park II · Quadra P · Lote 2', 'Bairro Vila Caputera', null, 'Mogi Das Cruzes', '08725225', 'Vila Caputera', 'condominio', 'b3K2Xqo2kemKp7VHwFsU', 'Condomínio Real Park II', 'P', '2', null, null, null, null),
  ('64cCeHqubs3t2vdBaEk4', 'FLÁVIA DE BARROS ESTEVES CALSAVARA', '11-984157509', 'FLAVIAESTEVES@GMAIL.COM', 'https://drive.google.com/open?id=17VVJmsd1TgB3EPLzrfAgurUtZguBKW4g&usp=drive_fs', 'ready', 'Entrega', 'orcamento_existente', '{"totalPrice":36329.189999999995,"updatedAt":{"__type":"timestamp","iso":"2026-05-21T12:52:04.162Z","seconds":1779367924,"nanoseconds":162000000},"pieces":[{"items":[],"value":13689.62,"name":"AN-LAMINA ULTRACOMPACTА COZINHA","id":"gpwadrniq","status":"Finalizado"},{"value":2598.38,"items":[],"id":"0ks4bne0o","status":"Finalizado","name":"AO-GRANITO LAVANDERIA"},{"items":[],"value":4811.77,"name":"AP-MARMORE LAVABO","id":"mm774nufo","status":"Finalizado"},{"value":7915.48,"items":[],"id":"u15w2onnz","status":"Acabamento","name":"AQ-GRANITO ÁREA GOURMET"},{"name":"AR-QUARTZO WC. FLAVIA","status":"Finalizado","id":"ty6zpa6j2","items":[],"value":2502.15},{"value":2309.66,"items":[],"status":"Acabamento","id":"wncjz4vkp","name":"AS-GRANITO W.C GOURMET"},{"status":"Finalizado","id":"exz4f2ex4","name":"AT-QUARTZO WC. SOCIAL","value":2502.13,"items":[]}]}'::jsonb, '403.359.728-02', '466244630', null, 'Bairro Parque Residencial Itapeti · Mogi Das Cruzes · CEP 08771910 · Condomínio Aruã · Quadra 66 · Lote 16/17', 'Bairro Parque Residencial Itapeti', null, 'Mogi Das Cruzes', '08771910', 'Parque Residencial Itapeti', 'condominio', 'loBkEedr4HsiFG7aQbih', 'Aruã', '66', '16/17', null, null, null, null),
  ('xBzVKRyqc2ItEubnYu5Q', 'GUSTAVO ROMÃO ', '11-961745785', 'gustavoromao40@gmail.com', 'https://drive.google.com/open?id=1lrh68ekJPt17WT14b0yhA4cn1mroF3ZZ&usp=drive_fs', 'production', 'Acabamento', null, null, '44015583833', '437779658', '13/02/1995', 'Estr. Dos Fernandes, 1512  · Bairro Parque santana · Suzano · CEP 08664005 · Condomínio Residencial Terra do sol · Torre E · Apto 4', 'Estr. Dos Fernandes, 1512', null, 'Suzano', '08664005', 'Parque santana', 'apartamento', 'lVQdhuAHfipDlWyWPVt9', 'Residencial Terra do sol', null, null, 'E', '4', null, null),
  ('ovlaChV0aMFEDfFgVDem', 'EDLENE CRISTINA DA SILVA CERRINI', '11-987986323', 'cerriniedlene@gmail.com', 'https://drive.google.com/open?id=1fiG2fkaxj16XYGHGq5COcbbmFiMMFQUi&usp=drive_fs', 'approved', 'Projeto', 'orcamento_existente', '{"totalPrice":54983.33,"updatedAt":{"__type":"timestamp","iso":"2026-05-20T16:28:39.456Z","seconds":1779294519,"nanoseconds":456000000},"pieces":[{"id":"pfz0vss53","name":"AG-MARMORARIA - COZINHA","status":"Orçamento Aprovado","value":32368.51,"items":[]},{"id":"jmvb20cyl","name":"AH-MARMORARIA - LAVABO","status":"Orçamento Aprovado","value":6567.52,"items":[]},{"id":"wfx9kpj4v","name":"AJ-MAMORARIA - WC MASTER","status":"Orçamento Aprovado","value":2292.99,"items":[]},{"id":"0zdf8dj4o","name":"AK-MARMORARIA SUÍTE BRENDA","status":"Orçamento Aprovado","value":1590.3,"items":[]},{"id":"7yy3fk4vv","name":"AZ-MARMORARIA - DESPENSA","status":"Orçamento Aprovado","value":3846.69,"items":[]},{"id":"b0redu9zj","name":"BA-MARMORARIA HALL","status":"Orçamento Aprovado","value":8317.32,"items":[]}]}'::jsonb, '352.646.358-11', '30023350', '26/02/1986', 'Bairro Taboão · Mogi Das Cruzes · CEP 08772720 · Condomínio Monterrey Ville · Quadra 14 · Lote 17', 'Bairro Taboão', null, 'Mogi Das Cruzes', '08772720', 'Taboão', 'condominio', 'Yu5GaSapNZ2Ti5xwkXJc', 'Monterrey Ville', '14', '17', null, null, null, null),
  ('5I7m5M9LDrBCv1iCNQ9G', 'WILLIAM SILVA DIAS DO VALE', '11-978587458', 'wil.vale@hotmail.com', 'https://drive.google.com/open?id=1NjVqq7xvirC93VPoqKJgVR1QIFwu8uGF&usp=drive_fs', 'production', 'Acabamento', 'orcamento_existente', '{"totalPrice":3906.14,"updatedAt":{"__type":"timestamp","iso":"2026-05-20T18:22:24.037Z","seconds":1779301344,"nanoseconds":37000000},"pieces":[{"id":"mwkmevwgg","name":"AQ-BANCADA COZINHA","status":"Orçamento","value":3906.14,"items":[]}]}'::jsonb, '417.903.038-18', '505269351', '12/01/1998', 'Rua Alecrim, 121 · Bairro Jardim Guaracy · Guarulhos · CEP 07262202', 'Rua Alecrim, 121', null, 'Guarulhos', '07262202', 'Jardim Guaracy', 'casa', null, null, null, null, null, null, null, null),
  ('6L0OAqTfW04EuARfHjkd', 'MARCOS MV', '11-941451557', 'MARCOSMV@GMAIL.COM', 'https://drive.google.com/open?id=1JEXwpx4rheLIKsbD7pgQlkxZmLAwj3ao&usp=drive_fs', 'production', 'Acabamento', 'orcamento_existente', '{"totalPrice":93586.5,"updatedAt":{"__type":"timestamp","iso":"2026-05-20T18:18:47.389Z","seconds":1779301127,"nanoseconds":389000000},"pieces":[{"id":"tn5f834fs","name":"DR-COZINHA","status":"Orçamento","value":58419.15,"items":[]},{"id":"yx2nceq9r","name":"DS-LAVABO","status":"Orçamento","value":3374.22,"items":[]},{"id":"6xvs1vbyx","name":"DT-LIVING","status":"Orçamento","value":16719.96,"items":[]},{"id":"3pdzwjvpk","name":"DU-A.S.","status":"Orçamento","value":4834.68,"items":[]},{"id":"vu8ma5f2c","name":"DV-WC A.S","status":"Orçamento","value":1208.68,"items":[]},{"id":"oklbn3hm9","name":"DW-WC SUITE 1","status":"Orçamento","value":2316.63,"items":[]},{"id":"r9iubpjb4","name":"DX-WC SUITE 2","status":"Orçamento","value":1158.31,"items":[]},{"id":"ol3by3be2","name":"DY-WC SUITE 3","status":"Orçamento","value":1485.68,"items":[]},{"id":"smvimmkxd","name":"DZ-WC SUITE MASTER","status":"Orçamento","value":4069.19,"items":[]}]}'::jsonb, '45.745.082/0001-31', null, '22/03/2022', 'Bairro Parque Paulistano · Mogi Das Cruzes · CEP 08080700 · Condomínio Aruã Brisas II · Quadra 5 · Lote 21', 'Bairro Parque Paulistano', null, 'Mogi Das Cruzes', '08080700', 'Parque Paulistano', 'condominio', 'q50vj4T1sLvH4bolhvms', 'Aruã Brisas II', '5', '21', null, null, null, null),
  ('1sIpUMT2Vm2jmKjCLAW4', 'RODOLFO SOUZA', '11-954396771', 'Engc.rodolfo@gmail.com', 'https://drive.google.com/open?id=1X2kPxVj0eKoI4nvYFYgwiNYyTnf7dAY9&usp=drive_fs', 'approved', 'Projeto', 'sem_projeto', null, '41665080833', '374224031', '22/05/1994', 'Bairro Jardim Piata A · Mogi das Cruzes · CEP 08771343 · Condomínio Aruã Ecopark Lagos II · Quadra 17 · Lote 01', 'Bairro Jardim Piata A', null, 'Mogi das Cruzes', '08771343', 'Jardim Piata A', 'condominio', 'h8UiN8Un5ip3VgoUMTEl', 'Aruã Ecopark Lagos II', '17', '01', null, null, null, null),
  ('3BJG2inpejc9SIY0UT9e', 'AUGUSTO DA SILVA MARIA', '11-947465689', 'augusto@gmail.com', 'https://drive.google.com/open?id=1BaaRm1HPDrTIRThrCqiXFrM8ZFPM0QQn&usp=drive_fs', 'approved', 'Projeto', 'orcamento_existente', '{"totalPrice":70000,"updatedAt":{"__type":"timestamp","iso":"2026-05-21T13:35:36.940Z","seconds":1779370536,"nanoseconds":940000000},"pieces":[{"value":18311.29,"items":[],"status":"Orçamento Aprovado","id":"xezjvq0fm","name":"AE-COZINHA"},{"name":"AF-COZINHA BANCADA","id":"kgmiv5222","status":"Orçamento Aprovado","items":[],"value":6612.41},{"items":[],"value":5137.33,"name":"AG-LAVABO AREA SOCIAL","id":"dmp34aqm1","status":"Orçamento Aprovado"},{"status":"Orçamento Aprovado","id":"i93xh5d3s","name":"AH-LAVABO AREA GOURMET","value":5137.33,"items":[]},{"items":[],"value":3763.98,"name":"AI-A.S.","id":"vx526gxuf","status":"Orçamento Aprovado"},{"items":[],"value":4303.16,"name":"AJ-WC SUITE 1","id":"40ocxhb85","status":"Orçamento Aprovado"},{"value":4303.16,"items":[],"id":"zg4mpa78x","status":"Orçamento Aprovado","name":"AK-WC SUITE 2"},{"status":"Orçamento Aprovado","id":"htxe76jvz","name":"AL-WC HOSPEDE","value":2695.82,"items":[]},{"value":2695.82,"items":[],"id":"82pczn6m4","status":"Orçamento Aprovado","name":"AM-WC ACADEMIA"},{"value":4526.96,"items":[],"status":"Orçamento Aprovado","id":"e0kcf54p5","name":"AN-WC SUITE MASTER"},{"value":6612.41,"items":[],"id":"lz6smbmm6","status":"Orçamento Aprovado","name":"AO-AREA GOURMET"},{"id":"78zm3ckji","status":"Orçamento Aprovado","name":"AP-AREA GOURMET BANCADA","value":5900.33,"items":[]}],"payments":[]}'::jsonb, '128.446.018-55', '23309683', '08/04/1970', 'Bairro Parque Residencial Itapeti · Mogi Das Cruzes · CEP 08771000 · Condomínio Aruã · Quadra 45 · Lote 7', null, null, 'Mogi Das Cruzes', '08771000', 'Parque Residencial Itapeti', 'condominio', 'loBkEedr4HsiFG7aQbih', 'Aruã', '45', '7', null, null, null, null),
  ('qwSnpzidNlTx1mmZ2g6J', 'ERICK IGNACIO RODRIGUES', '11-974591900', 'erickignaciorodrigues@uol.com.br', null, 'ready', 'Conferência Final', 'orcamento_existente', '{"totalPrice":26979.609999999997,"updatedAt":{"__type":"timestamp","iso":"2026-05-21T12:52:35.430Z","seconds":1779367955,"nanoseconds":430000000},"pieces":[{"items":[],"value":14642.8,"name":"AH-PIA COZINHA (QUARTZO)","id":"vaitk9wur","status":"Finalizado"},{"name":"AI-PIA LAVANDERIA (QUARTZO)","id":"unxjdcdw6","status":"Finalizado","items":[],"value":4524.76},{"id":"ltifx6aw3","status":"Finalizado","name":"AJ-PIA ÁREA GOURMET (PRETO SGE)","value":2578.58,"items":[]},{"name":"AK-WC SOCIAL (PRETO SGE)","status":"Finalizado","id":"f5u9x8q2z","items":[],"value":2616.74},{"name":"AL-WC CASAL (PRETO SGE)","id":"3tfbmspaw","status":"Finalizado","items":[],"value":2616.73}]}'::jsonb, '421.055.828-18', '537692046', '16/05/2001', 'Estrada São Judas, 190 · Bairro Parque Esplanada · São Paulo · CEP 06817170 · Condomínio Parque Firenze · Torre C · Apto 126', 'Estrada São Judas, 190', null, 'São Paulo', '06817170', 'Parque Esplanada', 'apartamento', 'FRCi7OrqxPs5ErNVi6Gw', 'Parque Firenze', null, null, 'C', '126', null, null),
  ('C8SHDfkAL681sIsxlokq', 'ALINE ARMOND', '11-999889941', null, null, null, null, null, null, null, null, '2026-05-18', 'Teste · Bairro Teste · Mogi das Cruzes · CEP 08.773-130 · Bairro Teste · Mogi das Cruzes · CEP 08.773-130 · Bairro Teste · Mogi das Cruzes · CEP 08.773-130', null, null, 'Mogi das Cruzes', '08.773-130', 'Teste', 'casa', null, null, null, null, null, null, null, null),
  ('gEWmiJYzWgWREB5AWXRa', 'CARLOS CESAR ROMEIRO DA COSTA', '11-978419062', 'carlosindtamy@gmail.com', null, 'approved', 'Medição', 'orcamento_existente', '{"totalPrice":20000.000000000004,"updatedAt":{"__type":"timestamp","iso":"2026-05-20T16:27:47.994Z","seconds":1779294467,"nanoseconds":994000000},"pieces":[{"id":"bgl0pa3pe","name":"AA-BANCADA COZINHA","status":"Orçamento Aprovado","value":3000.94,"items":[]},{"id":"pms0dhnvj","name":"AB-ILHA COZINHA","status":"Orçamento Aprovado","value":3844.97,"items":[]},{"id":"g3e9qbb0s","name":"AC-BANCADA ÁREA DE SERVIÇO","status":"Orçamento Aprovado","value":3063.42,"items":[]},{"id":"pc56wvq5y","name":"AD-BANCADA BANHO 2","status":"Orçamento Aprovado","value":3219.73,"items":[]},{"id":"eqg7m1oq2","name":"AE-PRATELEIRA BANHO 2","status":"Orçamento Aprovado","value":593.95,"items":[]},{"id":"h11unrt8a","name":"AF-BANCADA BANHO 1","status":"Orçamento Aprovado","value":3219.73,"items":[]},{"id":"0t14molwc","name":"AG-PRATELEIRA BANHO 1","status":"Orçamento Aprovado","value":625.22,"items":[]},{"id":"0luvnbb42","name":"AI-BANCADA ÁREA GOURMET","status":"Orçamento Aprovado","value":2432.04,"items":[]}]}'::jsonb, '335.094.468-01', '41.284.844', '10/06/1986', 'Rua Doutor Ângelo Vita, 210 · Bairro Vila Zilda (Tatuapé) · São Paulo · CEP 03069000 · Condomínio Linea Home Resort · Torre B · Apto 155', 'Rua Doutor Ângelo Vita, 210', null, 'São Paulo', '03069000', 'Vila Zilda (Tatuapé)', 'apartamento', 'aJB6QPCWmiCMGlSMkn7W', 'Linea Home Resort', null, null, 'B', '155', null, null),
  ('wsvf1T38vJrhMMmyHlLF', 'BRUNO PIRES DOS SANTOS', '11-947649405', 'brunopiress@live.com', 'https://drive.google.com/open?id=1cJu8ngIqAw_JtP9W3m-pMZPr6MdtCa0h&usp=drive_fs', 'ready', 'Entrega', 'orcamento_existente', '{"totalPrice":244243.69,"updatedAt":{"__type":"timestamp","iso":"2026-05-20T16:22:39.192Z","seconds":1779294159,"nanoseconds":192000000},"pieces":[{"id":"5rswe354g","name":"AQ-WC FILHO QUARTZO AZUL","status":"Orçamento Aprovado","value":2631.03,"items":[]},{"id":"e4qr9wo1l","name":"AR-WC FILHA - QUARTZO BRANCO","status":"Orçamento Aprovado","value":4214.7,"items":[]},{"id":"ziva0he6f","name":"AS-WC MASTER - LÂMINA ULTRA COMP","status":"Orçamento Aprovado","value":8720.26,"items":[]},{"id":"zjy9uvebr","name":"AU-WC HÓSPEDES - QUARTZO BRANCO","status":"Orçamento Aprovado","value":3343.89,"items":[]},{"id":"hadeg02ng","name":"AY-PAINEL DE TV CALACATTA","status":"Orçamento Aprovado","value":9578.88,"items":[]},{"id":"skb9utaow","name":"AZ-COZINHA CALACATA","status":"Orçamento Aprovado","value":12771.88,"items":[]},{"id":"xzcixepv8","name":"BA-ILHA COZINHA - CALACATTA","status":"Orçamento Aprovado","value":19157.42,"items":[]},{"id":"kz716h8gn","name":"BB-REVESTIMENTO COZINHA-CALACATTA","status":"Orçamento Aprovado","value":11610.81,"items":[]},{"id":"wlt8gk167","name":"BC-REVESTIMENTO GOURMET-NERO","status":"Orçamento Aprovado","value":20782.44,"items":[]},{"id":"ypyuzi14u","name":"BD-ÁREA GOURMET - PT SÃO GABRIEL","status":"Orçamento Aprovado","value":14967.41,"items":[]},{"id":"g2e1z2f1d","name":"BF-CHURRASQUEIRA NERO LAMINA","status":"Orçamento Aprovado","value":13932.79,"items":[]},{"id":"73h1af1x4","name":"BU-LÂMINA ULTRA COMP LIVING","status":"Orçamento Aprovado","value":63857.27,"items":[]},{"id":"1m6yj1nd7","name":"BV-PEDRA LAVANDERIA BRANCO SIENA","status":"Orçamento Aprovado","value":9372.79,"items":[]},{"id":"mv4quowb1","name":"BW-PEDRA LAVABO BRANCO PARANÁ","status":"Orçamento Aprovado","value":8903.68,"items":[]},{"id":"asbt8y9tc","name":"BY-PEDRA SAUNA QUARTZO BRANCO","status":"Orçamento Aprovado","value":3715.46,"items":[]},{"id":"ztkw22g2x","name":"BZ-PEDRA WC VANESSA QUARTZO BRANC","status":"Orçamento Aprovado","value":3831.56,"items":[]},{"id":"1zfyei18z","name":"CA-PEDRA PUB PRETO SÃO GABRIEL","status":"Orçamento Aprovado","value":8590.23,"items":[]},{"id":"9fv75pyiq","name":"CB-NICHO WC VANESSA QTZO BRANCO","status":"Orçamento Aprovado","value":3468.69,"items":[]},{"id":"2zlspqwcx","name":"CC-NICHO WC MASTER LÂMINA ULTRA","status":"Orçamento Aprovado","value":8708.07,"items":[]},{"id":"uwgsbydmw","name":"CD-NICHO WC FILHA QUARTZO BRANCO","status":"Orçamento Aprovado","value":2196.77,"items":[]},{"id":"33cgp2sll","name":"CE-NICHO WC FILHO QTZO AZUL","status":"Orçamento Aprovado","value":3468.69,"items":[]},{"id":"kviimojp0","name":"CF-NICHO WC HÓSPEDES SUP. QTZO","status":"Orçamento Aprovado","value":3468.69,"items":[]},{"id":"t5e333o7z","name":"CH-NICHO WC SAUNA QTZO BRANCO","status":"Orçamento Aprovado","value":2950.28,"items":[]}]}'::jsonb, '351.392.918-86', '47277900', null, 'Bairro Parque Residencial Itapeti · Mogi Das Cruzes · CEP 08771910 · Condomínio Aruã Ecopark Lagos · Quadra 12 · Lote 9', 'Bairro Parque Residencial Itapeti', null, 'Mogi Das Cruzes', '08771910', 'Parque Residencial Itapeti', 'condominio', 'QINoeIcx40lbFcdoHfFE', 'Aruã Ecopark Lagos', '12', '9', null, null, null, null),
  ('sDWIU7p2isgURnkQsUkC', 'BRUNO NEVES DOS SANTOS', '11-996813027', 'bruno-ssantos@live.com', 'https://drive.google.com/open?id=1bgfojnRRoUfJ-Lwxi2M3mXopQFZsqBHf&usp=drive_fs', 'production', 'Projeto Aprovado', 'orcamento_existente', '{"totalPrice":10705.64,"updatedAt":{"__type":"timestamp","iso":"2026-05-20T16:20:50.882Z","seconds":1779294050,"nanoseconds":882000000},"pieces":[{"id":"xfatvieek","name":"AI-GRANITO COZINHA BRANCO ITAUNAS","status":"Orçamento Aprovado","value":4839.15,"items":[]},{"id":"nxvri22wo","name":"AJ-GRANITO LAVANDERIA BRANCO ITAU","status":"Orçamento Aprovado","value":1590.59,"items":[]},{"id":"vjf292o2f","name":"AK-QUARTZO BRANCO - WC SOCIAL","status":"Orçamento Aprovado","value":2521.57,"items":[]},{"id":"ch1y7v8m6","name":"AL-PRETO SÃO GABRIEL - WC SUITE","status":"Orçamento Aprovado","value":1754.33,"items":[]}]}'::jsonb, '379.203.008-00', '493522785', '04/06/1989', 'Rua Benjamin Capusso, 165 · Bairro Vila Curuçá · São Paulo · CEP 08031760 · Condomínio Treviso · Torre B · Apto 21', 'Rua Benjamin Capusso, 165', null, 'São Paulo', '08031760', 'Vila Curuçá', 'apartamento', '1sMGeff5ctb4agqnmMwt', 'Treviso', null, null, 'B', '21', null, null)
on conflict (id) do update set
  name = excluded.name,
  phone = excluded.phone,
  email = excluded.email,
  google_drive_url = excluded.google_drive_url,
  manual_stage = excluded.manual_stage,
  manual_quote_status = excluded.manual_quote_status,
  legacy_project_mode = excluded.legacy_project_mode,
  legacy_manual_quote = excluded.legacy_manual_quote,
  cpf = excluded.cpf,
  rg = excluded.rg,
  birth_date = excluded.birth_date,
  address = excluded.address,
  street_address = excluded.street_address,
  notes = excluded.notes,
  city = excluded.city,
  zip_code = excluded.zip_code,
  neighborhood = excluded.neighborhood,
  address_type = excluded.address_type,
  condominium_id = excluded.condominium_id,
  condominium_name = excluded.condominium_name,
  block = excluded.block,
  lot = excluded.lot,
  tower = excluded.tower,
  apartment_number = excluded.apartment_number,
  created_at = excluded.created_at,
  updated_at = excluded.updated_at;

insert into public.materials (id, name, price_per_m2, base_cost_per_m2, base_minimum_sale_per_m2, margin_percentage, provider, category, material_line, material_type, thickness_label, texture, image_url, active, source_inventory_id, created_at, updated_at)
values
  ('alba-oro', 'Alba Oro', 0, 0, null, 0, null, 'Mármore', 'Premium', 'Chapa', '2cm', 'Polido', null, true, null, null, '2026-05-21T14:16:21.257Z'::timestamptz),
  ('v9wDQoMjHmsRM22JvyoS', 'Preto São Gabriel', 0, 0, null, 0, null, 'Granito', 'Nacional', 'Chapa', '2cm', 'Polido', null, true, null, '2026-05-21T16:43:56.764Z'::timestamptz, '2026-05-21T16:43:56.764Z'::timestamptz),
  ('verde-ubatuba', 'Verde ubatuba', 0, 0, null, 0, null, 'Granito', 'Nacional', 'Chapa', '2cm', 'Polido', null, true, null, null, '2026-05-21T16:26:53.813Z'::timestamptz),
  ('statuario', 'Statuario', 0, 0, null, 0, null, 'Lamina Ultracompacta', 'Lamina Ultracompacta', 'Lamina', '6mm', 'Polido', null, true, null, null, '2026-05-19T16:12:57.723Z'::timestamptz),
  ('quartzito-naica', 'Quartzito Naica', 0, 0, null, 0, null, 'Quartzito', 'Premium', 'Chapa', null, 'Polido', null, true, null, null, '2026-05-21T14:15:26.465Z'::timestamptz),
  ('white-eve-kalahary', 'White eve (Kalahary)', 0, 0, null, 0, null, 'Quartzito', 'Super Premium', 'Chapa', '2cm', 'Polido', null, true, null, null, '2026-05-21T14:32:33.021Z'::timestamptz),
  ('patagonia', 'Patagônia', 0, 0, null, 0, null, 'Quartzito', 'Super Premium', 'Chapa', '2cm', 'Polido', null, true, null, null, '2026-05-21T14:18:44.545Z'::timestamptz),
  ('branco-siena', 'Branco siena', 0, 0, null, 0, null, 'Granito', 'Nacional', 'Chapa', '2cm', 'Acetinado', null, true, null, null, '2026-05-21T14:24:17.447Z'::timestamptz),
  ('taj-mahal', 'Taj Mahal', 0, 0, null, 0, null, 'Lamina Ultracompacta', 'Premium', 'Lamina', '6mm', 'Polido', null, true, null, null, '2026-05-21T14:25:26.939Z'::timestamptz),
  ('preto-absoluto', 'Preto absoluto', 0, 0, null, 0, null, 'Granito', 'Nacional', 'Chapa', '2cm', 'Polido', null, true, null, null, '2026-05-21T14:24:47.209Z'::timestamptz),
  ('quartzito-botanic-green', 'Botanic Green', 0, 0, null, 0, null, 'Quartzito', 'Super Premium', 'Chapa', '2cm', 'Polido', null, true, null, null, '2026-05-21T14:17:49.728Z'::timestamptz),
  ('gucci', 'Gucci', 0, 0, null, 0, null, 'Quartzito', 'Super Premium', 'Chapa', '2cm', 'Polido', null, true, null, null, '2026-05-21T14:35:19.860Z'::timestamptz),
  ('new-taj', 'New Taj', 0, 0, null, 0, null, 'Lâmina Ultracompacta', 'Premium', 'Lamina', '6mm', 'Acetinado', null, true, null, null, '2026-05-21T14:19:46.946Z'::timestamptz),
  ('branco-itaunas', 'Branco itaunas', 0, 0, null, 0, null, 'Granito', 'Granito', 'Chapa', '2cm', null, null, true, null, null, '2026-05-19T16:12:18.432Z'::timestamptz),
  ('branco-parana-calacata', 'Branco Paraná Calacata', 0, 0, null, 0, null, 'Mármore', 'Premium', 'Chapa', '2cm', 'Polido', null, true, null, null, '2026-05-21T14:14:55.937Z'::timestamptz),
  ('perla', 'Perla', 0, 0, null, 0, null, 'Quartzito', 'Premium', 'Chapa', '2cm', 'Polido', null, true, null, null, '2026-05-21T14:32:03.266Z'::timestamptz),
  ('verdant', 'Verdant', 0, 0, null, 0, null, 'Quartzito', 'Super Premium', 'Chapa', '2cm', 'Polido', null, true, null, null, '2026-05-21T14:22:33.602Z'::timestamptz),
  ('quartzo-branco', 'Quartzo branco', 0, 0, null, 0, null, 'Quartzo', 'Premium', 'Chapa', '2cm', 'Polido', null, true, null, null, '2026-05-21T14:25:05.762Z'::timestamptz),
  ('green-spectrun', 'Green Spectrun', 0, 0, null, 0, null, 'Quartzito', 'Premium', 'Chapa', '2cm', 'Polido', null, true, null, null, '2026-05-21T14:11:06.381Z'::timestamptz),
  ('verde-guatemala', 'Verde Guatemala', 0, 0, null, 0, null, 'Mármore', 'Premium', 'Chapa', '2cm', 'Polido', null, true, null, null, '2026-05-21T14:20:16.079Z'::timestamptz),
  ('branco-parana', 'Branco paraná', 0, 0, null, 0, null, 'Marmore', 'Marmore', 'Chapa', '2cm', 'Polido', null, true, null, null, '2026-05-19T16:13:49.081Z'::timestamptz),
  ('preto-sao-gabriel', 'Preto São Gabriel', 0, 0, null, 0, null, 'Granito', 'Nacional', 'Chapa', '2cm', 'Escovado', null, true, null, null, '2026-05-21T16:27:31.022Z'::timestamptz),
  ('banco-pinta-verde', 'Branco pinta verde', 0, 0, null, 0, null, 'Granito', 'Granito', 'Chapa', '2cm', 'Polido', null, true, null, null, '2026-05-21T12:03:34.086Z'::timestamptz)
on conflict (id) do update set
  name = excluded.name,
  price_per_m2 = excluded.price_per_m2,
  base_cost_per_m2 = excluded.base_cost_per_m2,
  base_minimum_sale_per_m2 = excluded.base_minimum_sale_per_m2,
  margin_percentage = excluded.margin_percentage,
  provider = excluded.provider,
  category = excluded.category,
  material_line = excluded.material_line,
  material_type = excluded.material_type,
  thickness_label = excluded.thickness_label,
  texture = excluded.texture,
  image_url = excluded.image_url,
  active = excluded.active,
  source_inventory_id = excluded.source_inventory_id,
  created_at = excluded.created_at,
  updated_at = excluded.updated_at;

insert into public.user_material_prices (id, user_id, material_id, material_variant_key, base_cost_per_m2, base_minimum_sale_per_m2, margin_percentage, price_per_m2, final_price_per_m2, created_at, updated_at)
values
  ('JPSHn4Zeq4RhmdQO313pIW4mVJH2_preto-absoluto|lamina ultracompacta|chapa||polido|laminatto', 'JPSHn4Zeq4RhmdQO313pIW4mVJH2', 'preto-absoluto', 'preto-absoluto|lamina ultracompacta|chapa||polido|laminatto', 20, 2.5, 79900, 2000, 2000, null, '2026-05-18T18:06:28.292Z'::timestamptz),
  ('oMgxor0aUPUPVrNNK1Q5E4hLjC63_pedra-01', 'oMgxor0aUPUPVrNNK1Q5E4hLjC63', 'pedra-01', null, 11.848060472500652, null, 200, 35.54418141750196, null, null, '2026-05-07T15:55:00.149Z'::timestamptz),
  ('JPSHn4Zeq4RhmdQO313pIW4mVJH2_pedra-branco-siena', 'JPSHn4Zeq4RhmdQO313pIW4mVJH2', 'pedra-branco-siena', null, 20.833333333333332, null, 300, 83.33333333333333, null, null, '2026-05-09T15:45:03.700Z'::timestamptz),
  ('JPSHn4Zeq4RhmdQO313pIW4mVJH2_pedra-4', 'JPSHn4Zeq4RhmdQO313pIW4mVJH2', 'pedra-4', null, 3693.8534278959814, null, 200, 11081.560283687944, null, null, '2026-05-06T20:44:00.051Z'::timestamptz),
  ('JPSHn4Zeq4RhmdQO313pIW4mVJH2_marmore-gris-armani', 'JPSHn4Zeq4RhmdQO313pIW4mVJH2', 'marmore-gris-armani', null, 250, null, 200, 750, null, null, '2026-05-09T15:44:57.094Z'::timestamptz),
  ('JPSHn4Zeq4RhmdQO313pIW4mVJH2_marmore-branco-parana', 'JPSHn4Zeq4RhmdQO313pIW4mVJH2', 'marmore-branco-parana', null, 36.666666666666664, 36.666666666666664, 2354.5454545454545, 900, 900, null, '2026-05-13T14:32:21.291Z'::timestamptz),
  ('JPSHn4Zeq4RhmdQO313pIW4mVJH2_pedra-01', 'JPSHn4Zeq4RhmdQO313pIW4mVJH2', 'pedra-01', null, 11.848060472500652, null, 100, 23.696120945001304, null, null, '2026-05-06T12:12:50.343Z'::timestamptz)
on conflict (id) do update set
  user_id = excluded.user_id,
  material_id = excluded.material_id,
  material_variant_key = excluded.material_variant_key,
  base_cost_per_m2 = excluded.base_cost_per_m2,
  base_minimum_sale_per_m2 = excluded.base_minimum_sale_per_m2,
  margin_percentage = excluded.margin_percentage,
  price_per_m2 = excluded.price_per_m2,
  final_price_per_m2 = excluded.final_price_per_m2,
  created_at = excluded.created_at,
  updated_at = excluded.updated_at;

insert into public.fixture_catalog (id, name, category, brand, model, width, depth, height, diameter, image_url, manual_url, manual_file_name, notes, active, created_at, updated_at)
values
  ('Tu5A2EBuNAmD78BsIXxK', 'Tanque de Encaixe Hera 34 L em Aço Inox Polido', 'cooktop', 'Tramontina', null, 50, 40, 0, 0, null, null, 'MANUAL  .png', null, true, '2026-05-21T12:25:37.724Z'::timestamptz, '2026-05-21T12:25:37.724Z'::timestamptz),
  ('JG1sQ412qYsyGzwW7ciT', 'Lixeira Pia Cozinha Embutir 3l InoxCor Escovado', 'popUpTower', 'FRONTEL', null, 0, 0, 0, 13.3, null, null, 'MANUAL.png', null, true, '2026-05-21T12:30:48.245Z'::timestamptz, '2026-05-21T12:30:48.245Z'::timestamptz),
  ('zvTE755mW6AotvgWG9YB', 'Cuba Cozinha Gourmet Inox Escovado 304 Completa Prata', 'sink', 'Brinovar', 'CBQ5040PRA', 50, 40, 20, 0, null, null, 'MANUAL.png', null, true, '2026-05-19T16:36:51.579Z'::timestamptz, '2026-05-19T16:36:51.579Z'::timestamptz),
  ('C4LNqEsAftmQ3wXm2pYk', 'Cuba Gourmet para Cozinha Aço Inox 304', 'cooktop', 'Borari', null, 60, 42, 0, 0, null, null, 'MANUAL.png', null, true, '2026-05-21T12:21:43.433Z'::timestamptz, '2026-05-21T12:21:43.433Z'::timestamptz),
  ('cVdqn0ICeg9Yzrd0IMUf', 'Tanque Aço Inox Acetinado Com Válvula', 'cooktop', 'Br Cubas', null, 50, 40, 0, 0, null, null, 'MANUAL.png', null, true, '2026-05-21T12:23:50.942Z'::timestamptz, '2026-05-21T12:23:50.942Z'::timestamptz),
  ('wQlDPKt1VaeCbOEy4sJY', 'Cooktop de Indução 4 Bocas com Painel Touch', 'cooktop', 'Eos', 'Preto 7200w Eci04ep3 220v', 59, 52, 5.8, 0, null, null, 'MANUAL.png', null, true, '2026-05-19T16:31:40.312Z'::timestamptz, '2026-05-19T16:31:40.312Z'::timestamptz),
  ('30yzRUFx9GUoU909HqXh', 'Tanque de Encaixe Hera Compact 25 L em Aço Inox Polido', 'cooktop', 'Tramontina', null, 40, 40, 0, 0, null, null, 'MANUAL  .png', null, true, '2026-05-21T12:27:27.796Z'::timestamptz, '2026-05-21T12:27:27.796Z'::timestamptz),
  ('tqU9h6NH3hbr8AJxp2Pr', 'Cuba de Embutir Quadrada Slim Branco', 'sink', 'Deca', 'L.31030', 30, 30, 20, 0, null, null, 'MANUAL.png', null, true, '2026-05-19T16:41:56.204Z'::timestamptz, '2026-05-19T16:41:56.204Z'::timestamptz),
  ('vQDPCkYDZEojosQS9hwO', 'Torre Tomada Retrátil Multiplug Embutir Organizadora Usb Hub', 'popUpTower', null, null, 0, 0, 0, 6, null, null, 'MANUAL.png', 'ESPECIFICAÇÕES TÉCNICAS: - Aterramento: Padrão - Tensão: 110-250V (bivolt) - Potência: 2500W - Corrente: 10A - USB: 2.1A - Entradas: 3 Tomadas / 1 USB / 1 Tipo-C - Materiais: Alumínio anodizado e plástico - Conexões: Solda - Comprimento do Cabo: 1.7M', true, '2026-05-21T12:29:26.383Z'::timestamptz, '2026-05-21T12:29:26.383Z'::timestamptz)
on conflict (id) do update set
  name = excluded.name,
  category = excluded.category,
  brand = excluded.brand,
  model = excluded.model,
  width = excluded.width,
  depth = excluded.depth,
  height = excluded.height,
  diameter = excluded.diameter,
  image_url = excluded.image_url,
  manual_url = excluded.manual_url,
  manual_file_name = excluded.manual_file_name,
  notes = excluded.notes,
  active = excluded.active,
  created_at = excluded.created_at,
  updated_at = excluded.updated_at;

insert into public.quotes (id, client_id, client_name, phone, address, environment, responsible, responsible_user_uid, responsible_user_name, material_id, material_name, payment_method, delivery_days, validity_date, measurement_date, delivery_date, commercial_notes, status, total_area, total_price, pieces, cutouts, team_counts, employee_assignments, employee_evaluations, status_history, created_at, created_by, updated_at)
values
  ('aF3kj7uXGGKgcODwF0Ry', 'C8SHDfkAL681sIsxlokq', 'Aline Armond', '11999889941', 'Teste · Bairro Teste · Mogi das Cruzes · CEP 08.773-130', null, 'Brian Takiya', 'JPSHn4Zeq4RhmdQO313pIW4mVJH2', 'Brian Takiya', 'preto-absoluto', 'Preto absoluto', null, 15, '2026-06-03T12:27:30.757Z'::timestamptz, null, null, null, 'Orçamento', 3.9137999999999993, 8777.599999999999, '[{"id":"gzgy7syz6","name":"Peca 1","materialId":"preto-absoluto","unit":"cm","width":0,"length":0,"area":0,"sides":[{"type":"frontao","side":"side:1","sideLabel":"Lado B (0.60 m)","length":60,"height":10,"quantity":1,"area":0.06,"areaTotal":0.06,"value":0},{"type":"frontao","side":"side:0","sideLabel":"Lado A (3.00 m)","length":300,"height":10,"quantity":1,"area":0.30000000000000004,"areaTotal":0.30000000000000004,"value":0},{"type":"virada","side":"side:3","sideLabel":"Lado D (0.60 m)","length":60,"height":6,"quantity":1,"area":0.036,"areaTotal":0.036,"value":0},{"type":"saia","side":"side:3","sideLabel":"Lado D (0.60 m)","length":60,"height":6,"quantity":1,"area":0.036,"areaTotal":0.036,"value":0},{"type":"virada","side":"side:2","sideLabel":"Lado C (3.00 m)","length":300,"height":6,"quantity":1,"area":0.18,"areaTotal":0.18,"value":0},{"type":"saia","side":"side:2","sideLabel":"Lado C (3.00 m)","length":300,"height":6,"quantity":1,"area":0.18,"areaTotal":0.18,"value":0}],"notes":"","sculptedSink":{"active":true,"drainType":"Ralo oculto","quantity":1,"width":40,"depth":40,"height":40,"unit":"cm","calculatedArea":0,"calculatedValue":0},"stair":{"active":false,"unit":"cm","stepCount":0,"stepWidth":0,"treadDepth":0,"riserHeight":0,"landingCount":0,"landingWidth":0,"landingDepth":0,"leftBaseboard":false,"rightBaseboard":false,"baseboardHeight":10},"drawingJson":null,"manualArea":1.7999999999999994,"previewUrl":null,"largestSide":300,"cutouts":[{"id":"25bc3b11-d937-4f68-9a2c-c49aa6203099","type":"cooktop","x":4.387161804666995,"y":1.1204380334869914,"width":0.5,"height":0.4,"rotation":0},{"id":"85f68119-b532-42da-a658-5100efa70c52","type":"cuba","x":2.9448919721518303,"y":1.1601335334644731,"width":0.5,"height":0.4,"rotation":0},{"id":"c1f596cb-0797-4c33-aeb0-1a25915a2c6e","type":"torneira","x":2.931660138826003,"y":0.882265033622102,"width":0.5,"height":0.5,"rotation":0}],"selectedFixtureIds":{},"purchasedFixtures":{},"wetAreaRecess":{"type":"americano","width":100,"depth":0.6,"unit":"cm","active":true},"materialVariantKey":"preto-absoluto|lamina ultracompacta|chapa||polido|laminatto","materialLine":"Lamina Ultracompacta","materialType":"Chapa","thicknessLabel":"","texture":"Polido","provider":"Laminatto","proposalImageUrl":null}]'::jsonb, '{"cooktop":1,"sinkUnder":1,"sinkOver":0,"faucetHole":1,"trashBinCutout":0,"popUpTowerCutout":0,"wetAreaAmericanRecess":0,"wetAreaItalianRecess":0}'::jsonb, null, '[]'::jsonb, null, '[{"status":"Orçamento","changedByName":"Brian Takiya","changedAt":{"__type":"timestamp","iso":"2026-05-18T17:54:40.506Z","seconds":1779126880,"nanoseconds":506000000},"responsibleEmployeeId":"","changedByUid":"JPSHn4Zeq4RhmdQO313pIW4mVJH2","responsibleEmployeeName":""},{"status":"Orçamento","changedAt":{"__type":"timestamp","iso":"2026-05-19T12:27:30.757Z","seconds":1779193650,"nanoseconds":757000000},"changedByUid":"JPSHn4Zeq4RhmdQO313pIW4mVJH2","changedByName":"Brian Takiya","responsibleEmployeeId":"","responsibleEmployeeName":""}]'::jsonb, '2026-05-18T17:54:40.506Z'::timestamptz, 'JPSHn4Zeq4RhmdQO313pIW4mVJH2', null)
on conflict (id) do update set
  client_id = excluded.client_id,
  client_name = excluded.client_name,
  phone = excluded.phone,
  address = excluded.address,
  environment = excluded.environment,
  responsible = excluded.responsible,
  responsible_user_uid = excluded.responsible_user_uid,
  responsible_user_name = excluded.responsible_user_name,
  material_id = excluded.material_id,
  material_name = excluded.material_name,
  payment_method = excluded.payment_method,
  delivery_days = excluded.delivery_days,
  validity_date = excluded.validity_date,
  measurement_date = excluded.measurement_date,
  delivery_date = excluded.delivery_date,
  commercial_notes = excluded.commercial_notes,
  status = excluded.status,
  total_area = excluded.total_area,
  total_price = excluded.total_price,
  pieces = excluded.pieces,
  cutouts = excluded.cutouts,
  team_counts = excluded.team_counts,
  employee_assignments = excluded.employee_assignments,
  employee_evaluations = excluded.employee_evaluations,
  status_history = excluded.status_history,
  created_at = excluded.created_at,
  created_by = excluded.created_by,
  updated_at = excluded.updated_at;

insert into public.inventory (id, material_id, material_name, code, provider, rack_id, category, material_line, material_type, thickness_label, texture, length, width, thickness, area, cost, minimum_sale_price, status, notes, photo_url, loss_reason, loss_notes, loss_quote_id, loss_client_id, loss_client_name, loss_piece_id, loss_piece_name, lost_by_uid, lost_by_name, lost_at, created_at, updated_at)
values
  ('MrHYTpDBfOapmfjk9faZ', 'quartzito-botanic-green', 'Botanic Green', '5151', null, 'rack_2', 'Quartzito', 'Super Premium', 'Chapa', '2cm', 'Polido', 155, 551, 2, 8.5405, 5155, 9215, 'Disponível', null, null, null, null, null, null, null, null, null, null, null, null, null, null),
  ('os9mbtB8jNKo90Xi2wLD', 'alba-oro', 'Alba Oro', '23232', null, 'rack_1', 'Mármore', 'Premium', 'Chapa', '2cm', 'Polido', 322, 323, 2, 10.4006, 2333, 4444, 'Disponível', null, null, null, null, null, null, null, null, null, null, null, null, null, null),
  ('OBL37ZSIGcVp95b7kLyY', 'quartzito-botanic-green', 'Botanic Green', '5151', null, 'rack_2', 'Quartzito', 'Super Premium', 'Chapa', '2cm', 'Polido', 155, 551, 2, 8.5405, 5155, 9215, 'Disponível', null, null, null, null, null, null, null, null, null, null, null, null, null, null)
on conflict (id) do update set
  material_id = excluded.material_id,
  material_name = excluded.material_name,
  code = excluded.code,
  provider = excluded.provider,
  rack_id = excluded.rack_id,
  category = excluded.category,
  material_line = excluded.material_line,
  material_type = excluded.material_type,
  thickness_label = excluded.thickness_label,
  texture = excluded.texture,
  length = excluded.length,
  width = excluded.width,
  thickness = excluded.thickness,
  area = excluded.area,
  cost = excluded.cost,
  minimum_sale_price = excluded.minimum_sale_price,
  status = excluded.status,
  notes = excluded.notes,
  photo_url = excluded.photo_url,
  loss_reason = excluded.loss_reason,
  loss_notes = excluded.loss_notes,
  loss_quote_id = excluded.loss_quote_id,
  loss_client_id = excluded.loss_client_id,
  loss_client_name = excluded.loss_client_name,
  loss_piece_id = excluded.loss_piece_id,
  loss_piece_name = excluded.loss_piece_name,
  lost_by_uid = excluded.lost_by_uid,
  lost_by_name = excluded.lost_by_name,
  lost_at = excluded.lost_at,
  created_at = excluded.created_at,
  updated_at = excluded.updated_at;

insert into public.inventory_reservations (id, quote_id, material_id, material_variant_key, material_line, material_type, thickness_label, texture, provider, material_name, area, quote_status, client_name, created_at, updated_at)
values
  ('aF3kj7uXGGKgcODwF0Ry_preto-absoluto|lamina ultracompacta|chapa||polido|laminatto', 'aF3kj7uXGGKgcODwF0Ry', 'preto-absoluto', 'preto-absoluto|lamina ultracompacta|chapa||polido|laminatto', 'Lamina Ultracompacta', 'Chapa', null, 'Polido', 'Laminatto', 'preto-absoluto', 2.591999999999999, 'Orçamento', 'Aline Armond', null, '2026-05-19T12:27:32.114Z'::timestamptz)
on conflict (id) do update set
  quote_id = excluded.quote_id,
  material_id = excluded.material_id,
  material_variant_key = excluded.material_variant_key,
  material_line = excluded.material_line,
  material_type = excluded.material_type,
  thickness_label = excluded.thickness_label,
  texture = excluded.texture,
  provider = excluded.provider,
  material_name = excluded.material_name,
  area = excluded.area,
  quote_status = excluded.quote_status,
  client_name = excluded.client_name,
  created_at = excluded.created_at,
  updated_at = excluded.updated_at;

-- inventory_purchases: sem registros para importar.

insert into public.calendar_events (id, title, description, date, date_key, client_id, client_name, city, event_time, created_by_uid, created_by_name, source_type, status, supplier, material_name, purchase_group_id, created_at, updated_at)
values
  ('NMngwQx3db1SR9FOz3tz', 'INSTALAÇÃO DA RODABE E FURAÇÃO DA TORRE DE TOMADA', 'INSTALAR RODABASE (DEIXAR RECUADO 10cm)
FURAR O PONTO DE TORRE DE TOMADA', '2026-05-26T16:00:00.000Z'::timestamptz, '2026-05-26', 'gEWmiJYzWgWREB5AWXRa', 'CARLOS CESAR ROMEIRO DA COSTA', 'São Paulo', '13:00', 'JPSHn4Zeq4RhmdQO313pIW4mVJH2', 'Brian Takiya', null, null, null, null, null, '2026-05-20T14:59:07.418Z'::timestamptz, '2026-05-20T15:38:48.134Z'::timestamptz),
  ('v271deaNkXHebwMFZP7o', 'MEDIÇÃO DE RODABASE', 'MEDIR RODABASE', '2026-05-20T20:00:00.000Z'::timestamptz, '2026-05-20', 'gEWmiJYzWgWREB5AWXRa', 'CARLOS CESAR ROMEIRO DA COSTA', 'São Paulo', '17:00', 'JPSHn4Zeq4RhmdQO313pIW4mVJH2', 'Brian Takiya', null, null, null, null, null, '2026-05-20T14:57:55.377Z'::timestamptz, '2026-05-20T14:57:55.377Z'::timestamptz),
  ('HJEu5kNmEhA1OQHJutWl', 'MONTAGEM', 'MEDIR BOX
MEDIR JANELA', '2026-05-29T18:00:00.000Z'::timestamptz, '2026-05-29', 'sDWIU7p2isgURnkQsUkC', 'BRUNO NEVES DOS SANTOS', 'São Paulo', '15:00', 'VlN44VojjDaGp2AVF398Gc3btiD3', 'fabioduarte232', null, null, null, null, null, '2026-05-21T12:57:00.806Z'::timestamptz, '2026-05-21T12:57:00.806Z'::timestamptz),
  ('tVizW4AHv08XDXu9rfuT', 'FURAÇÃO COOKTOP E TORNEIRA', 'Colar/Fixar cuba 
Fazer furo para torneira na pedra da churrasqueira
Fazer furação para o cooktop', '2026-05-26T12:00:00.000Z'::timestamptz, '2026-05-26', 'qwSnpzidNlTx1mmZ2g6J', 'ERICK IGNACIO RODRIGUES', 'São Paulo', '09:00', 'JPSHn4Zeq4RhmdQO313pIW4mVJH2', 'Brian Takiya', null, null, null, null, null, '2026-05-19T20:34:02.989Z'::timestamptz, '2026-05-19T20:34:02.989Z'::timestamptz)
on conflict (id) do update set
  title = excluded.title,
  description = excluded.description,
  date = excluded.date,
  date_key = excluded.date_key,
  client_id = excluded.client_id,
  client_name = excluded.client_name,
  city = excluded.city,
  event_time = excluded.event_time,
  created_by_uid = excluded.created_by_uid,
  created_by_name = excluded.created_by_name,
  source_type = excluded.source_type,
  status = excluded.status,
  supplier = excluded.supplier,
  material_name = excluded.material_name,
  purchase_group_id = excluded.purchase_group_id,
  created_at = excluded.created_at,
  updated_at = excluded.updated_at;

-- dashboard_notes: sem registros para importar.

insert into public.system_events (id, type, title, description, entity_type, entity_id, client_id, client_name, quote_id, quote_status, material_id, material_name, employee_id, employee_name, user_uid, user_name, metadata, created_at)
values
  ('5zjffAISTTJauAH04FqW', 'client_updated', 'Cliente atualizado', 'BRUNO PIRES DOS SANTOS', 'client', 'wsvf1T38vJrhMMmyHlLF', 'wsvf1T38vJrhMMmyHlLF', 'BRUNO PIRES DOS SANTOS', null, null, null, null, null, null, 'JPSHn4Zeq4RhmdQO313pIW4mVJH2', 'Brian Takiya', null, '2026-05-20T16:22:40.170Z'::timestamptz),
  ('dZTtgkD5112rPQeFp6in', 'client_updated', 'Cliente atualizado', 'LION ADMINISTRADORA DE BENS LTDA', 'client', '6L0OAqTfW04EuARfHjkd', '6L0OAqTfW04EuARfHjkd', 'LION ADMINISTRADORA DE BENS LTDA', null, null, null, null, null, null, 'JPSHn4Zeq4RhmdQO313pIW4mVJH2', 'Brian Takiya', null, '2026-05-19T17:03:22.796Z'::timestamptz),
  ('NcWewKLJqreWDx5C0Foj', 'client_created', 'Cliente importado por contrato', 'FLÁVIA DE BARROS ESTEVES CALSAVARA', 'client', '64cCeHqubs3t2vdBaEk4', '64cCeHqubs3t2vdBaEk4', 'FLÁVIA DE BARROS ESTEVES CALSAVARA', null, null, null, null, null, null, 'JPSHn4Zeq4RhmdQO313pIW4mVJH2', 'Brian Takiya', '{"importedFrom":"pdf-contract","contractNumber":"100001266","contractDate":"27/08/2024","contractType":"Normal"}'::jsonb, '2026-05-19T18:46:46.218Z'::timestamptz),
  ('23qU8wszBYip9YM38VCw', 'client_updated', 'Cliente atualizado', 'ERICK IGNACIO RODRIGUES', 'client', 'qwSnpzidNlTx1mmZ2g6J', 'qwSnpzidNlTx1mmZ2g6J', 'ERICK IGNACIO RODRIGUES', null, null, null, null, null, null, 'JPSHn4Zeq4RhmdQO313pIW4mVJH2', 'Brian Takiya', null, '2026-05-19T20:14:00.815Z'::timestamptz),
  ('Zem8rrWkDOsjnLoJVADl', 'client_updated', 'Cliente atualizado', 'BRUNO NEVES DOS SANTOS', 'client', 'sDWIU7p2isgURnkQsUkC', 'sDWIU7p2isgURnkQsUkC', 'BRUNO NEVES DOS SANTOS', null, null, null, null, null, null, 'JPSHn4Zeq4RhmdQO313pIW4mVJH2', 'Brian Takiya', null, '2026-05-19T18:32:36.658Z'::timestamptz),
  ('hxHfjhVJC7CgnaWLxd80', 'client_updated', 'Cliente atualizado', 'ANDRÉIA FLORENÇO MACHADO', 'client', '2fmLjYQJTXsn2TvQ8rpO', '2fmLjYQJTXsn2TvQ8rpO', 'ANDRÉIA FLORENÇO MACHADO', null, null, null, null, null, null, 'JPSHn4Zeq4RhmdQO313pIW4mVJH2', 'Brian Takiya', null, '2026-05-19T16:56:41.758Z'::timestamptz),
  ('cbdC9Bqq2rPsenUcbCxc', 'client_updated', 'Cliente atualizado', 'ANDRÉIA FLORENÇO MACHADO', 'client', '2fmLjYQJTXsn2TvQ8rpO', '2fmLjYQJTXsn2TvQ8rpO', 'ANDRÉIA FLORENÇO MACHADO', null, null, null, null, null, null, 'JPSHn4Zeq4RhmdQO313pIW4mVJH2', 'Brian Takiya', null, '2026-05-19T17:00:49.783Z'::timestamptz),
  ('3SgctveQBQyXdcafg3vI', 'client_updated', 'Cliente atualizado', 'WILLIAM SILVA DIAS DO VALE', 'client', '5I7m5M9LDrBCv1iCNQ9G', '5I7m5M9LDrBCv1iCNQ9G', 'WILLIAM SILVA DIAS DO VALE', null, null, null, null, null, null, 'JPSHn4Zeq4RhmdQO313pIW4mVJH2', 'Brian Takiya', null, '2026-05-19T18:10:44.733Z'::timestamptz),
  ('C47TJJqvRcZ52gOltJEI', 'client_created', 'Cliente importado por contrato', 'WILLIAM SILVA DIAS DO VALE', 'client', '5I7m5M9LDrBCv1iCNQ9G', '5I7m5M9LDrBCv1iCNQ9G', 'WILLIAM SILVA DIAS DO VALE', null, null, null, null, null, null, 'JPSHn4Zeq4RhmdQO313pIW4mVJH2', 'Brian Takiya', '{"importedFrom":"pdf-contract","contractNumber":"1","contractDate":"30/11/2025","contractType":"Normal"}'::jsonb, '2026-05-19T18:09:01.853Z'::timestamptz),
  ('2mGfnVsRsQaM2VE7nBre', 'quote_created', 'Orcamento criado', 'Aline Armond - Sem ambiente', 'quote', 'aF3kj7uXGGKgcODwF0Ry', 'C8SHDfkAL681sIsxlokq', 'Aline Armond', 'aF3kj7uXGGKgcODwF0Ry', 'Orçamento', 'preto-absoluto', 'Preto absoluto', null, null, 'JPSHn4Zeq4RhmdQO313pIW4mVJH2', 'Brian Takiya', '{"totalArea":3.9137999999999993,"totalPrice":959.7845,"pieces":1}'::jsonb, '2026-05-18T17:54:43.383Z'::timestamptz),
  ('ryPFlSqRwEN6TPqwDLxq', 'client_updated', 'Cliente atualizado', 'ERICK IGNACIO RODRIGUES', 'client', 'qwSnpzidNlTx1mmZ2g6J', 'qwSnpzidNlTx1mmZ2g6J', 'ERICK IGNACIO RODRIGUES', null, null, null, null, null, null, 'JPSHn4Zeq4RhmdQO313pIW4mVJH2', 'Brian Takiya', null, '2026-05-20T16:05:55.606Z'::timestamptz),
  ('pp3wYZB5xXu2OZ3iI723', 'client_created', 'Cliente importado por contrato', 'AUGUSTO DA SILVA MARIA', 'client', '3BJG2inpejc9SIY0UT9e', '3BJG2inpejc9SIY0UT9e', 'AUGUSTO DA SILVA MARIA', null, null, null, null, null, null, 'JPSHn4Zeq4RhmdQO313pIW4mVJH2', 'Brian Takiya', '{"importedFrom":"pdf-contract","contractNumber":"100001669","contractDate":"26/02/2026","contractType":"Normal"}'::jsonb, '2026-05-20T13:41:09.540Z'::timestamptz),
  ('t7jEal3emPgqpM4Lex1s', 'client_created', 'Cliente importado por contrato', 'EDLENE CRISTINA DA SILVA CERRINI', 'client', 'ovlaChV0aMFEDfFgVDem', 'ovlaChV0aMFEDfFgVDem', 'EDLENE CRISTINA DA SILVA CERRINI', null, null, null, null, null, null, 'JPSHn4Zeq4RhmdQO313pIW4mVJH2', 'Brian Takiya', '{"importedFrom":"pdf-contract","contractNumber":"100001647","contractDate":"28/01/2026","contractType":"Normal"}'::jsonb, '2026-05-19T17:10:48.268Z'::timestamptz),
  ('QrqlFznLKOJlmhnHAMxU', 'client_updated', 'Cliente atualizado', 'BRUNO NEVES DOS SANTOS', 'client', 'sDWIU7p2isgURnkQsUkC', 'sDWIU7p2isgURnkQsUkC', 'BRUNO NEVES DOS SANTOS', null, null, null, null, null, null, 'JPSHn4Zeq4RhmdQO313pIW4mVJH2', 'Brian Takiya', null, '2026-05-20T16:20:51.683Z'::timestamptz),
  ('oABB15XrGWzEiXHCPb0v', 'client_updated', 'Cliente atualizado', 'WILLIAM SILVA DIAS DO VALE', 'client', '5I7m5M9LDrBCv1iCNQ9G', '5I7m5M9LDrBCv1iCNQ9G', 'WILLIAM SILVA DIAS DO VALE', null, null, null, null, null, null, 'JPSHn4Zeq4RhmdQO313pIW4mVJH2', 'Brian Takiya', null, '2026-05-19T18:10:32.523Z'::timestamptz),
  ('BKhGRWrksXYNu5I73Vho', 'client_updated', 'Cliente atualizado', 'ALINE ARMOND', 'client', 'C8SHDfkAL681sIsxlokq', 'C8SHDfkAL681sIsxlokq', 'ALINE ARMOND', null, null, null, null, null, null, 'JPSHn4Zeq4RhmdQO313pIW4mVJH2', 'Brian Takiya', null, '2026-05-19T17:09:43.837Z'::timestamptz),
  ('Qv5ETl8Nw0ZnsBZ6FrzC', 'client_updated', 'Cliente atualizado', 'BRUNO NEVES DOS SANTOS', 'client', 'sDWIU7p2isgURnkQsUkC', 'sDWIU7p2isgURnkQsUkC', 'BRUNO NEVES DOS SANTOS', null, null, null, null, null, null, 'JPSHn4Zeq4RhmdQO313pIW4mVJH2', 'Brian Takiya', null, '2026-05-19T18:31:42.837Z'::timestamptz),
  ('rNjgR5E7lWssHa9hwo13', 'client_updated', 'Cliente atualizado', 'EDLENE CRISTINA DA SILVA CERRINI', 'client', 'ovlaChV0aMFEDfFgVDem', 'ovlaChV0aMFEDfFgVDem', 'EDLENE CRISTINA DA SILVA CERRINI', null, null, null, null, null, null, 'JPSHn4Zeq4RhmdQO313pIW4mVJH2', 'Brian Takiya', null, '2026-05-20T16:05:40.016Z'::timestamptz),
  ('Ya8G3z7gQlRS8jysOXXW', 'client_updated', 'Cliente atualizado', 'MARCOS MV', 'client', '6L0OAqTfW04EuARfHjkd', '6L0OAqTfW04EuARfHjkd', 'MARCOS MV', null, null, null, null, null, null, 'JPSHn4Zeq4RhmdQO313pIW4mVJH2', 'Brian Takiya', null, '2026-05-20T17:55:10.389Z'::timestamptz),
  ('GNG7qMu1tuOfCp9xOdk7', 'client_created', 'Cliente criado', 'RODOLFO SOUZA', 'client', '1sIpUMT2Vm2jmKjCLAW4', '1sIpUMT2Vm2jmKjCLAW4', 'RODOLFO SOUZA', null, null, null, null, null, null, 'JPSHn4Zeq4RhmdQO313pIW4mVJH2', 'Brian Takiya', null, '2026-05-20T15:20:42.831Z'::timestamptz),
  ('jw0FDJ4exaq94Fd2e3YD', 'client_updated', 'Cliente atualizado', 'LION ADMINISTRADORA DE BENS LTDA', 'client', '6L0OAqTfW04EuARfHjkd', '6L0OAqTfW04EuARfHjkd', 'LION ADMINISTRADORA DE BENS LTDA', null, null, null, null, null, null, 'JPSHn4Zeq4RhmdQO313pIW4mVJH2', 'Brian Takiya', null, '2026-05-19T17:09:27.741Z'::timestamptz),
  ('KlpFKuZRhpvANnIBlgf4', 'client_updated', 'Cliente atualizado', 'RODOLFO SOUZA', 'client', '1sIpUMT2Vm2jmKjCLAW4', '1sIpUMT2Vm2jmKjCLAW4', 'RODOLFO SOUZA', null, null, null, null, null, null, 'JPSHn4Zeq4RhmdQO313pIW4mVJH2', 'Brian Takiya', null, '2026-05-20T16:06:19.576Z'::timestamptz),
  ('dmUbUnoC8ShRVCF8kKbP', 'inventory_updated', 'Item de estoque atualizado', 'Preto absoluto - 35644663', 'inventory', 'zC9AWgwHLGJTmWx9pWB7', null, null, null, null, 'preto-absoluto', 'Preto absoluto', null, null, 'JPSHn4Zeq4RhmdQO313pIW4mVJH2', 'Brian Takiya', '{"area":1000,"cost":2000,"minimumSalePrice":2500,"status":"Disponível"}'::jsonb, '2026-05-18T17:45:59.114Z'::timestamptz),
  ('kVWjujCiuouf0qp2tBxz', 'quote_updated', 'Orcamento atualizado', 'Aline Armond - Sem ambiente', 'quote', 'aF3kj7uXGGKgcODwF0Ry', 'C8SHDfkAL681sIsxlokq', 'Aline Armond', 'aF3kj7uXGGKgcODwF0Ry', 'Orçamento', 'preto-absoluto', 'Preto absoluto', null, null, 'JPSHn4Zeq4RhmdQO313pIW4mVJH2', 'Brian Takiya', '{"totalArea":3.9137999999999993,"totalPrice":8777.599999999999,"pieces":1}'::jsonb, '2026-05-19T12:27:32.322Z'::timestamptz),
  ('VZFRVYeNf4CIplbAqBga', 'inventory_created', 'Item de estoque cadastrado', 'Preto absoluto - 35644663', 'inventory', 'zC9AWgwHLGJTmWx9pWB7', null, null, null, null, 'preto-absoluto', 'Preto absoluto', null, null, 'JPSHn4Zeq4RhmdQO313pIW4mVJH2', 'Brian Takiya', '{"area":1000,"cost":2000,"minimumSalePrice":2500,"status":"Disponível"}'::jsonb, '2026-05-18T17:45:16.812Z'::timestamptz),
  ('Dq2xD6RhiTmDVhZCJxPj', 'client_updated', 'Cliente atualizado', 'WILLIAM SILVA DIAS DO VALE', 'client', '5I7m5M9LDrBCv1iCNQ9G', '5I7m5M9LDrBCv1iCNQ9G', 'WILLIAM SILVA DIAS DO VALE', null, null, null, null, null, null, 'JPSHn4Zeq4RhmdQO313pIW4mVJH2', 'Brian Takiya', null, '2026-05-20T16:06:26.379Z'::timestamptz),
  ('WvIt6AOs9hewQd6Mbi2D', 'client_updated', 'Cliente atualizado', 'BRUNO NEVES DOS SANTOS', 'client', 'sDWIU7p2isgURnkQsUkC', 'sDWIU7p2isgURnkQsUkC', 'BRUNO NEVES DOS SANTOS', null, null, null, null, null, null, 'JPSHn4Zeq4RhmdQO313pIW4mVJH2', 'Brian Takiya', null, '2026-05-20T16:05:15.419Z'::timestamptz),
  ('rTP4II2bKwjRJUlFZzym', 'client_updated', 'Cliente atualizado', 'WILLIAM SILVA DIAS DO VALE', 'client', '5I7m5M9LDrBCv1iCNQ9G', '5I7m5M9LDrBCv1iCNQ9G', 'WILLIAM SILVA DIAS DO VALE', null, null, null, null, null, null, 'JPSHn4Zeq4RhmdQO313pIW4mVJH2', 'Brian Takiya', null, '2026-05-19T18:10:25.905Z'::timestamptz),
  ('91d8ZUBMby3GCQxZJ7ep', 'client_updated', 'Cliente atualizado', 'WILLIAM SILVA DIAS DO VALE', 'client', '5I7m5M9LDrBCv1iCNQ9G', '5I7m5M9LDrBCv1iCNQ9G', 'WILLIAM SILVA DIAS DO VALE', null, null, null, null, null, null, 'JPSHn4Zeq4RhmdQO313pIW4mVJH2', 'Brian Takiya', null, '2026-05-19T18:17:46.109Z'::timestamptz),
  ('AZ64I3ctwy2LrECqgiGg', 'client_updated', 'Cliente atualizado', 'WILLIAM SILVA DIAS DO VALE', 'client', '5I7m5M9LDrBCv1iCNQ9G', '5I7m5M9LDrBCv1iCNQ9G', 'WILLIAM SILVA DIAS DO VALE', null, null, null, null, null, null, 'JPSHn4Zeq4RhmdQO313pIW4mVJH2', 'Brian Takiya', null, '2026-05-19T18:10:44.882Z'::timestamptz),
  ('8ylqPrtHrCXMj7AskyZ1', 'client_created', 'Cliente criado', 'Aline Armond', 'client', 'C8SHDfkAL681sIsxlokq', 'C8SHDfkAL681sIsxlokq', 'Aline Armond', null, null, null, null, null, null, 'JPSHn4Zeq4RhmdQO313pIW4mVJH2', 'Brian Takiya', null, '2026-05-18T17:54:30.979Z'::timestamptz),
  ('UrsEwN427R6qyMRHfnxe', 'client_updated', 'Cliente atualizado', 'ERICK IGNACIO RODRIGUES', 'client', 'qwSnpzidNlTx1mmZ2g6J', 'qwSnpzidNlTx1mmZ2g6J', 'ERICK IGNACIO RODRIGUES', null, null, null, null, null, null, 'JPSHn4Zeq4RhmdQO313pIW4mVJH2', 'Brian Takiya', null, '2026-05-19T20:18:21.239Z'::timestamptz),
  ('t9plEWktj40pR5PxLGcg', 'client_created', 'Cliente importado por contrato', 'BRUNO NEVES DOS SANTOS', 'client', 'sDWIU7p2isgURnkQsUkC', 'sDWIU7p2isgURnkQsUkC', 'BRUNO NEVES DOS SANTOS', null, null, null, null, null, null, 'JPSHn4Zeq4RhmdQO313pIW4mVJH2', 'Brian Takiya', '{"importedFrom":"pdf-contract","contractNumber":"1","contractDate":"12/11/2025","contractType":"Normal"}'::jsonb, '2026-05-19T18:27:19.039Z'::timestamptz),
  ('jHO6Jb6SSLJU9dlW1D7w', 'client_updated', 'Cliente atualizado', 'ERICK IGNACIO RODRIGUES', 'client', 'qwSnpzidNlTx1mmZ2g6J', 'qwSnpzidNlTx1mmZ2g6J', 'ERICK IGNACIO RODRIGUES', null, null, null, null, null, null, 'JPSHn4Zeq4RhmdQO313pIW4mVJH2', 'Brian Takiya', null, '2026-05-20T16:31:15.963Z'::timestamptz),
  ('pwrzYcThZg8lVMnjaBAE', 'client_updated', 'Cliente atualizado', 'EDLENE CRISTINA DA SILVA CERRINI', 'client', 'ovlaChV0aMFEDfFgVDem', 'ovlaChV0aMFEDfFgVDem', 'EDLENE CRISTINA DA SILVA CERRINI', null, null, null, null, null, null, 'JPSHn4Zeq4RhmdQO313pIW4mVJH2', 'Brian Takiya', null, '2026-05-19T17:12:23.113Z'::timestamptz),
  ('bmRkrx6yCGS5iR32coRm', 'client_updated', 'Cliente atualizado', 'BRUNO PIRES DOS SANTOS', 'client', 'wsvf1T38vJrhMMmyHlLF', 'wsvf1T38vJrhMMmyHlLF', 'BRUNO PIRES DOS SANTOS', null, null, null, null, null, null, 'JPSHn4Zeq4RhmdQO313pIW4mVJH2', 'Brian Takiya', null, '2026-05-19T19:09:28.088Z'::timestamptz),
  ('lKjHdMPiv2uySBlFHZ26', 'client_created', 'Cliente importado por contrato', 'ERICK IGNACIO RODRIGUES', 'client', 'qwSnpzidNlTx1mmZ2g6J', 'qwSnpzidNlTx1mmZ2g6J', 'ERICK IGNACIO RODRIGUES', null, null, null, null, null, null, 'JPSHn4Zeq4RhmdQO313pIW4mVJH2', 'Brian Takiya', '{"importedFrom":"pdf-contract","contractNumber":"100001476","contractDate":"30/04/2025","contractType":"Normal"}'::jsonb, '2026-05-19T19:53:45.413Z'::timestamptz),
  ('Qyv29KUvfNPfe0N7RYKE', 'client_updated', 'Cliente atualizado', 'EDLENE CRISTINA DA SILVA CERRINI', 'client', 'ovlaChV0aMFEDfFgVDem', 'ovlaChV0aMFEDfFgVDem', 'EDLENE CRISTINA DA SILVA CERRINI', null, null, null, null, null, null, 'JPSHn4Zeq4RhmdQO313pIW4mVJH2', 'Brian Takiya', null, '2026-05-19T17:13:18.817Z'::timestamptz),
  ('qtitAHxILKl428A0mtDL', 'client_updated', 'Cliente atualizado', 'MARCOS MV', 'client', '6L0OAqTfW04EuARfHjkd', '6L0OAqTfW04EuARfHjkd', 'MARCOS MV', null, null, null, null, null, null, 'JPSHn4Zeq4RhmdQO313pIW4mVJH2', 'Brian Takiya', null, '2026-05-20T16:06:14.998Z'::timestamptz),
  ('QDAz2H7vgPKJjBJwCEFS', 'client_updated', 'Cliente atualizado', 'MARCOS MV', 'client', '6L0OAqTfW04EuARfHjkd', '6L0OAqTfW04EuARfHjkd', 'MARCOS MV', null, null, null, null, null, null, 'JPSHn4Zeq4RhmdQO313pIW4mVJH2', 'Brian Takiya', null, '2026-05-19T19:24:47.164Z'::timestamptz),
  ('XdOj46gqNk5fIwrRjjG9', 'client_updated', 'Cliente atualizado', 'AUGUSTO DA SILVA MARIA', 'client', '3BJG2inpejc9SIY0UT9e', '3BJG2inpejc9SIY0UT9e', 'AUGUSTO DA SILVA MARIA', null, null, null, null, null, null, 'JPSHn4Zeq4RhmdQO313pIW4mVJH2', 'Brian Takiya', null, '2026-05-20T16:05:07.158Z'::timestamptz),
  ('A1AHiC8QDfEPCLp6ILWf', 'client_updated', 'Cliente atualizado', 'FLÁVIA DE BARROS ESTEVES CALSAVARA', 'client', '64cCeHqubs3t2vdBaEk4', '64cCeHqubs3t2vdBaEk4', 'FLÁVIA DE BARROS ESTEVES CALSAVARA', null, null, null, null, null, null, 'VlN44VojjDaGp2AVF398Gc3btiD3', 'fabioduarte232', null, '2026-05-21T12:50:41.646Z'::timestamptz),
  ('W7gCDfDHrL5XD9EpZmNG', 'client_updated', 'Cliente atualizado', 'FLÁVIA DE BARROS ESTEVES CALSAVARA', 'client', '64cCeHqubs3t2vdBaEk4', '64cCeHqubs3t2vdBaEk4', 'FLÁVIA DE BARROS ESTEVES CALSAVARA', null, null, null, null, null, null, 'JPSHn4Zeq4RhmdQO313pIW4mVJH2', 'Brian Takiya', null, '2026-05-20T16:31:59.699Z'::timestamptz),
  ('FTY3sxaOCS5Zagyu2od1', 'client_updated', 'Cliente atualizado', 'AUGUSTO DA SILVA MARIA', 'client', '3BJG2inpejc9SIY0UT9e', '3BJG2inpejc9SIY0UT9e', 'AUGUSTO DA SILVA MARIA', null, null, null, null, null, null, 'JPSHn4Zeq4RhmdQO313pIW4mVJH2', 'Brian Takiya', null, '2026-05-21T13:35:37.334Z'::timestamptz),
  ('tqT2i7icCcatUOH4omCW', 'client_updated', 'Cliente atualizado', 'MARCOS MV', 'client', '6L0OAqTfW04EuARfHjkd', '6L0OAqTfW04EuARfHjkd', 'MARCOS MV', null, null, null, null, null, null, 'JPSHn4Zeq4RhmdQO313pIW4mVJH2', 'Brian Takiya', null, '2026-05-20T17:53:57.334Z'::timestamptz),
  ('kFOT3XrSNABmjyug3T7r', 'client_updated', 'Cliente atualizado', 'WILLIAM SILVA DIAS DO VALE', 'client', '5I7m5M9LDrBCv1iCNQ9G', '5I7m5M9LDrBCv1iCNQ9G', 'WILLIAM SILVA DIAS DO VALE', null, null, null, null, null, null, 'JPSHn4Zeq4RhmdQO313pIW4mVJH2', 'Brian Takiya', null, '2026-05-19T18:09:53.894Z'::timestamptz),
  ('P6SOe0i8LGRMrkD3Q8Ue', 'client_updated', 'Cliente atualizado', 'AUGUSTO DA SILVA MARIA', 'client', '3BJG2inpejc9SIY0UT9e', '3BJG2inpejc9SIY0UT9e', 'AUGUSTO DA SILVA MARIA', null, null, null, null, null, null, 'JPSHn4Zeq4RhmdQO313pIW4mVJH2', 'Brian Takiya', null, '2026-05-20T15:21:43.480Z'::timestamptz),
  ('UcN4VPAS3vpTZqqO7Uqy', 'client_updated', 'Cliente atualizado', 'BRUNO NEVES DOS SANTOS', 'client', 'sDWIU7p2isgURnkQsUkC', 'sDWIU7p2isgURnkQsUkC', 'BRUNO NEVES DOS SANTOS', null, null, null, null, null, null, 'JPSHn4Zeq4RhmdQO313pIW4mVJH2', 'Brian Takiya', null, '2026-05-19T18:31:56.102Z'::timestamptz),
  ('IjWik6tivQKTlHnRz2xn', 'client_updated', 'Cliente atualizado', 'WILLIAM SILVA DIAS DO VALE', 'client', '5I7m5M9LDrBCv1iCNQ9G', '5I7m5M9LDrBCv1iCNQ9G', 'WILLIAM SILVA DIAS DO VALE', null, null, null, null, null, null, 'JPSHn4Zeq4RhmdQO313pIW4mVJH2', 'Brian Takiya', null, '2026-05-20T18:22:24.895Z'::timestamptz),
  ('Y4xZBoxSTC3p2qpSbgkv', 'client_updated', 'Cliente atualizado', 'MARCOS MV', 'client', '6L0OAqTfW04EuARfHjkd', '6L0OAqTfW04EuARfHjkd', 'MARCOS MV', null, null, null, null, null, null, 'JPSHn4Zeq4RhmdQO313pIW4mVJH2', 'Brian Takiya', null, '2026-05-20T18:18:48.318Z'::timestamptz),
  ('4hpq6VsNWr11raV8R3V2', 'client_updated', 'Cliente atualizado', 'LION ADMINISTRADORA DE BENS LTDA', 'client', '6L0OAqTfW04EuARfHjkd', '6L0OAqTfW04EuARfHjkd', 'LION ADMINISTRADORA DE BENS LTDA', null, null, null, null, null, null, 'JPSHn4Zeq4RhmdQO313pIW4mVJH2', 'Brian Takiya', null, '2026-05-19T17:08:34.586Z'::timestamptz),
  ('QD9HZoBwJh4jwQ5UTXcZ', 'client_updated', 'Cliente atualizado', 'ANDRÉIA FLORENÇO MACHADO', 'client', '2fmLjYQJTXsn2TvQ8rpO', '2fmLjYQJTXsn2TvQ8rpO', 'ANDRÉIA FLORENÇO MACHADO', null, null, null, null, null, null, 'JPSHn4Zeq4RhmdQO313pIW4mVJH2', 'Brian Takiya', null, '2026-05-19T17:08:56.172Z'::timestamptz),
  ('G9IJAmNWGzXNI8TMNDZD', 'inventory_created', 'Item de estoque cadastrado', 'Botanic Green - 5151', 'inventory', 'OBL37ZSIGcVp95b7kLyY', null, null, null, null, 'quartzito-botanic-green', 'Botanic Green', null, null, 'JPSHn4Zeq4RhmdQO313pIW4mVJH2', 'Brian Takiya', '{"area":8.5405,"cost":5155,"minimumSalePrice":9215,"status":"Disponível"}'::jsonb, '2026-05-21T16:59:13.657Z'::timestamptz),
  ('pgqxucuQfncYaWdN0Y7E', 'client_updated', 'Cliente atualizado', 'ERICK IGNACIO RODRIGUES', 'client', 'qwSnpzidNlTx1mmZ2g6J', 'qwSnpzidNlTx1mmZ2g6J', 'ERICK IGNACIO RODRIGUES', null, null, null, null, null, null, 'VlN44VojjDaGp2AVF398Gc3btiD3', 'fabioduarte232', null, '2026-05-21T12:52:35.762Z'::timestamptz),
  ('tfTZaVfb00uILo5FKHub', 'inventory_created', 'Item de estoque cadastrado', 'Botanic Green - 5151', 'inventory', 'MrHYTpDBfOapmfjk9faZ', null, null, null, null, 'quartzito-botanic-green', 'Botanic Green', null, null, 'JPSHn4Zeq4RhmdQO313pIW4mVJH2', 'Brian Takiya', '{"area":8.5405,"cost":5155,"minimumSalePrice":9215,"status":"Disponível"}'::jsonb, '2026-05-21T16:59:13.851Z'::timestamptz),
  ('pu5eVMUjew2jTl45MPHN', 'client_created', 'Cliente importado por contrato', 'CARLOS CESAR ROMEIRO DA COSTA', 'client', 'gEWmiJYzWgWREB5AWXRa', 'gEWmiJYzWgWREB5AWXRa', 'CARLOS CESAR ROMEIRO DA COSTA', null, null, null, null, null, null, 'JPSHn4Zeq4RhmdQO313pIW4mVJH2', 'Brian Takiya', '{"importedFrom":"pdf-contract","contractNumber":"100001426","contractDate":"07/03/2025","contractType":"Normal"}'::jsonb, '2026-05-19T20:16:28.277Z'::timestamptz),
  ('7TXdFqi8KvIfMzo7kDN2', 'client_updated', 'Cliente atualizado', 'ANDRÉIA FLORENÇO MACHADO', 'client', '2fmLjYQJTXsn2TvQ8rpO', '2fmLjYQJTXsn2TvQ8rpO', 'ANDRÉIA FLORENÇO MACHADO', null, null, null, null, null, null, 'JPSHn4Zeq4RhmdQO313pIW4mVJH2', 'Brian Takiya', null, '2026-05-19T17:09:38.859Z'::timestamptz),
  ('CVXWHFT8S4UQRF4ReHlX', 'client_updated', 'Cliente atualizado', 'AUGUSTO DA SILVA MARIA', 'client', '3BJG2inpejc9SIY0UT9e', '3BJG2inpejc9SIY0UT9e', 'AUGUSTO DA SILVA MARIA', null, null, null, null, null, null, 'JPSHn4Zeq4RhmdQO313pIW4mVJH2', 'Brian Takiya', null, '2026-05-20T16:19:09.424Z'::timestamptz),
  ('KS1QBu0NQAOp1iECpxmr', 'client_updated', 'Cliente atualizado', 'ANDRÉIA FLORENÇO MACHADO', 'client', '2fmLjYQJTXsn2TvQ8rpO', '2fmLjYQJTXsn2TvQ8rpO', 'ANDRÉIA FLORENÇO MACHADO', null, null, null, null, null, null, 'JPSHn4Zeq4RhmdQO313pIW4mVJH2', 'Brian Takiya', null, '2026-05-20T15:15:38.038Z'::timestamptz),
  ('ZTa6KZQXfyjnAwZwx9FH', 'client_updated', 'Cliente atualizado', 'FLÁVIA DE BARROS ESTEVES CALSAVARA', 'client', '64cCeHqubs3t2vdBaEk4', '64cCeHqubs3t2vdBaEk4', 'FLÁVIA DE BARROS ESTEVES CALSAVARA', null, null, null, null, null, null, 'JPSHn4Zeq4RhmdQO313pIW4mVJH2', 'Brian Takiya', null, '2026-05-19T19:14:07.154Z'::timestamptz),
  ('pYI9aG32c6s46nNOMURB', 'client_created', 'Cliente importado por contrato', 'ANDRÉIA FLORENÇO MACHADO', 'client', '2fmLjYQJTXsn2TvQ8rpO', '2fmLjYQJTXsn2TvQ8rpO', 'ANDRÉIA FLORENÇO MACHADO', null, null, null, null, null, null, 'JPSHn4Zeq4RhmdQO313pIW4mVJH2', 'Brian Takiya', '{"importedFrom":"pdf-contract","contractNumber":"2","contractDate":"19/03/2026","contractType":"Normal"}'::jsonb, '2026-05-19T16:55:01.939Z'::timestamptz),
  ('FEksQGfMOLVQJl603mlh', 'client_updated', 'Cliente atualizado', 'ANDRÉIA FLORENÇO MACHADO', 'client', '2fmLjYQJTXsn2TvQ8rpO', '2fmLjYQJTXsn2TvQ8rpO', 'ANDRÉIA FLORENÇO MACHADO', null, null, null, null, null, null, 'JPSHn4Zeq4RhmdQO313pIW4mVJH2', 'Brian Takiya', null, '2026-05-20T16:04:58.284Z'::timestamptz),
  ('WfISPbWkcYZwiz4Wz4I5', 'client_created', 'Cliente importado por contrato', 'BRUNO PIRES DOS SANTOS', 'client', 'wsvf1T38vJrhMMmyHlLF', 'wsvf1T38vJrhMMmyHlLF', 'BRUNO PIRES DOS SANTOS', null, null, null, null, null, null, 'JPSHn4Zeq4RhmdQO313pIW4mVJH2', 'Brian Takiya', '{"importedFrom":"pdf-contract","contractNumber":"2","contractDate":"19/11/2024","contractType":"Normal"}'::jsonb, '2026-05-19T18:33:19.265Z'::timestamptz),
  ('iXYwtvlORnpCydftDZbW', 'inventory_updated', 'Item de estoque atualizado', 'Preto absoluto - 35644663', 'inventory', 'zC9AWgwHLGJTmWx9pWB7', null, null, null, null, 'preto-absoluto', 'Preto absoluto', null, null, 'JPSHn4Zeq4RhmdQO313pIW4mVJH2', 'Brian Takiya', '{"area":1000,"cost":20000,"minimumSalePrice":2500,"status":"Disponível"}'::jsonb, '2026-05-18T17:48:56.265Z'::timestamptz),
  ('8FZfsZsR1vA1mmwulx9v', 'client_created', 'Cliente criado', 'GUSTAVO ROMÃO ', 'client', 'xBzVKRyqc2ItEubnYu5Q', 'xBzVKRyqc2ItEubnYu5Q', 'GUSTAVO ROMÃO ', null, null, null, null, null, null, 'JPSHn4Zeq4RhmdQO313pIW4mVJH2', 'Brian Takiya', null, '2026-05-20T13:56:59.129Z'::timestamptz),
  ('KuQ69mcdXlxFebhAOG9t', 'client_updated', 'Cliente atualizado', 'ANDRÉIA FLORENÇO MACHADO', 'client', '2fmLjYQJTXsn2TvQ8rpO', '2fmLjYQJTXsn2TvQ8rpO', 'ANDRÉIA FLORENÇO MACHADO', null, null, null, null, null, null, 'JPSHn4Zeq4RhmdQO313pIW4mVJH2', 'Brian Takiya', null, '2026-05-19T16:59:19.107Z'::timestamptz),
  ('W4eUh5L7tZEwNRctdJn1', 'client_created', 'Cliente importado por contrato', 'LION ADMINISTRADORA DE BENS LTDA', 'client', '6L0OAqTfW04EuARfHjkd', '6L0OAqTfW04EuARfHjkd', 'LION ADMINISTRADORA DE BENS LTDA', null, null, null, null, null, null, 'JPSHn4Zeq4RhmdQO313pIW4mVJH2', 'Brian Takiya', '{"importedFrom":"pdf-contract","contractNumber":"100001670","contractDate":"27/02/2026","contractType":"Normal"}'::jsonb, '2026-05-19T16:59:47.729Z'::timestamptz),
  ('0L3NjF1Mx2QOcUr00EbC', 'client_updated', 'Cliente atualizado', 'BRUNO PIRES DOS SANTOS', 'client', 'wsvf1T38vJrhMMmyHlLF', 'wsvf1T38vJrhMMmyHlLF', 'BRUNO PIRES DOS SANTOS', null, null, null, null, null, null, 'JPSHn4Zeq4RhmdQO313pIW4mVJH2', 'Brian Takiya', null, '2026-05-20T16:05:24.475Z'::timestamptz),
  ('qYKALM52h9ZOqWXZwbQp', 'client_updated', 'Cliente atualizado', 'RODOLFO SOUZA', 'client', '1sIpUMT2Vm2jmKjCLAW4', '1sIpUMT2Vm2jmKjCLAW4', 'RODOLFO SOUZA', null, null, null, null, null, null, 'JPSHn4Zeq4RhmdQO313pIW4mVJH2', 'Brian Takiya', null, '2026-05-20T15:23:14.151Z'::timestamptz),
  ('uwzBeP16RtFyRkEJ94bX', 'inventory_updated', 'Item de estoque atualizado', 'Preto absoluto - 35644663', 'inventory', 'zC9AWgwHLGJTmWx9pWB7', null, null, null, null, 'preto-absoluto', 'Preto absoluto', null, null, 'JPSHn4Zeq4RhmdQO313pIW4mVJH2', 'Brian Takiya', '{"area":1000,"cost":2000,"minimumSalePrice":25000,"status":"Disponível"}'::jsonb, '2026-05-18T17:45:47.103Z'::timestamptz),
  ('v2gu1FjWrXVpXFuUy9gJ', 'inventory_created', 'Item de estoque cadastrado', 'Alba Oro - 23232', 'inventory', 'os9mbtB8jNKo90Xi2wLD', null, null, null, null, 'alba-oro', 'Alba Oro', null, null, 'JPSHn4Zeq4RhmdQO313pIW4mVJH2', 'Brian Takiya', '{"area":10.4006,"cost":2333,"minimumSalePrice":4444,"status":"Disponível"}'::jsonb, '2026-05-21T17:18:43.831Z'::timestamptz),
  ('Wth840VahVHYwuHSxUjF', 'client_updated', 'Cliente atualizado', 'CARLOS CESAR ROMEIRO DA COSTA', 'client', 'gEWmiJYzWgWREB5AWXRa', 'gEWmiJYzWgWREB5AWXRa', 'CARLOS CESAR ROMEIRO DA COSTA', null, null, null, null, null, null, 'JPSHn4Zeq4RhmdQO313pIW4mVJH2', 'Brian Takiya', null, '2026-05-20T16:05:32.043Z'::timestamptz),
  ('4jFPQywFqw7zJvhcnqzc', 'inventory_updated', 'Item de estoque atualizado', 'Alba Oro - 23232', 'inventory', 'os9mbtB8jNKo90Xi2wLD', null, null, null, null, 'alba-oro', 'Alba Oro', null, null, 'JPSHn4Zeq4RhmdQO313pIW4mVJH2', 'Brian Takiya', '{"area":10.4006,"cost":2333,"minimumSalePrice":4444,"status":"Disponível"}'::jsonb, '2026-05-21T17:19:23.690Z'::timestamptz),
  ('7xPCQGuR4vzPqqaXI70D', 'client_updated', 'Cliente atualizado', 'EDLENE CRISTINA DA SILVA CERRINI', 'client', 'ovlaChV0aMFEDfFgVDem', 'ovlaChV0aMFEDfFgVDem', 'EDLENE CRISTINA DA SILVA CERRINI', null, null, null, null, null, null, 'JPSHn4Zeq4RhmdQO313pIW4mVJH2', 'Brian Takiya', null, '2026-05-20T16:28:39.865Z'::timestamptz),
  ('v30JcMKJBg0x492M7mbN', 'client_updated', 'Cliente atualizado', 'FLÁVIA DE BARROS ESTEVES CALSAVARA', 'client', '64cCeHqubs3t2vdBaEk4', '64cCeHqubs3t2vdBaEk4', 'FLÁVIA DE BARROS ESTEVES CALSAVARA', null, null, null, null, null, null, 'VlN44VojjDaGp2AVF398Gc3btiD3', 'fabioduarte232', null, '2026-05-21T12:52:04.895Z'::timestamptz),
  ('mGJqPf53RjNVJlALWzJd', 'client_updated', 'Cliente atualizado', 'ALINE ARMOND', 'client', 'C8SHDfkAL681sIsxlokq', 'C8SHDfkAL681sIsxlokq', 'ALINE ARMOND', null, null, null, null, null, null, 'JPSHn4Zeq4RhmdQO313pIW4mVJH2', 'Brian Takiya', null, '2026-05-19T17:04:39.353Z'::timestamptz),
  ('72iaOdD7u6XpatK6PI1A', 'client_updated', 'Cliente atualizado', 'WILLIAM SILVA DIAS DO VALE', 'client', '5I7m5M9LDrBCv1iCNQ9G', '5I7m5M9LDrBCv1iCNQ9G', 'WILLIAM SILVA DIAS DO VALE', null, null, null, null, null, null, 'JPSHn4Zeq4RhmdQO313pIW4mVJH2', 'Brian Takiya', null, '2026-05-19T18:18:03.505Z'::timestamptz),
  ('vP4AKk7FanudGY7zLBJl', 'client_updated', 'Cliente atualizado', 'CARLOS CESAR ROMEIRO DA COSTA', 'client', 'gEWmiJYzWgWREB5AWXRa', 'gEWmiJYzWgWREB5AWXRa', 'CARLOS CESAR ROMEIRO DA COSTA', null, null, null, null, null, null, 'JPSHn4Zeq4RhmdQO313pIW4mVJH2', 'Brian Takiya', null, '2026-05-20T16:27:48.775Z'::timestamptz),
  ('t5LaLMLJ2bewWgrZa5e7', 'client_updated', 'Cliente atualizado', 'FLÁVIA DE BARROS ESTEVES CALSAVARA', 'client', '64cCeHqubs3t2vdBaEk4', '64cCeHqubs3t2vdBaEk4', 'FLÁVIA DE BARROS ESTEVES CALSAVARA', null, null, null, null, null, null, 'JPSHn4Zeq4RhmdQO313pIW4mVJH2', 'Brian Takiya', null, '2026-05-20T16:06:04.553Z'::timestamptz),
  ('0dv32GLQANUONEDwRbnK', 'client_updated', 'Cliente atualizado', 'CARLOS CESAR ROMEIRO DA COSTA', 'client', 'gEWmiJYzWgWREB5AWXRa', 'gEWmiJYzWgWREB5AWXRa', 'CARLOS CESAR ROMEIRO DA COSTA', null, null, null, null, null, null, 'JPSHn4Zeq4RhmdQO313pIW4mVJH2', 'Brian Takiya', null, '2026-05-19T20:18:13.547Z'::timestamptz),
  ('R1g2TTSBP1112z6ckT6J', 'inventory_deleted', 'Item de estoque excluído', 'Preto absoluto - 35644663', 'inventory', 'zC9AWgwHLGJTmWx9pWB7', null, null, null, null, 'preto-absoluto', 'Preto absoluto', null, null, 'JPSHn4Zeq4RhmdQO313pIW4mVJH2', 'Brian Takiya', '{"area":1000,"cost":20000}'::jsonb, '2026-05-19T20:16:44.921Z'::timestamptz),
  ('SsF16wlCEKYg6p3Ae6c6', 'client_updated', 'Cliente atualizado', 'BRUNO PIRES DOS SANTOS', 'client', 'wsvf1T38vJrhMMmyHlLF', 'wsvf1T38vJrhMMmyHlLF', 'BRUNO PIRES DOS SANTOS', null, null, null, null, null, null, 'JPSHn4Zeq4RhmdQO313pIW4mVJH2', 'Brian Takiya', null, '2026-05-19T19:07:22.976Z'::timestamptz),
  ('hLAP7r3GyfSsWuKRcF0F', 'client_updated', 'Cliente atualizado', 'ANDRÉIA FLORENÇO MACHADO', 'client', '2fmLjYQJTXsn2TvQ8rpO', '2fmLjYQJTXsn2TvQ8rpO', 'ANDRÉIA FLORENÇO MACHADO', null, null, null, null, null, null, 'JPSHn4Zeq4RhmdQO313pIW4mVJH2', 'Brian Takiya', null, '2026-05-20T15:11:20.348Z'::timestamptz),
  ('sI6gIkON9aO9Zvf2nxSv', 'client_updated', 'Cliente atualizado', 'WILLIAM SILVA DIAS DO VALE', 'client', '5I7m5M9LDrBCv1iCNQ9G', '5I7m5M9LDrBCv1iCNQ9G', 'WILLIAM SILVA DIAS DO VALE', null, null, null, null, null, null, 'JPSHn4Zeq4RhmdQO313pIW4mVJH2', 'Brian Takiya', null, '2026-05-19T18:10:44.535Z'::timestamptz)
on conflict (id) do update set
  type = excluded.type,
  title = excluded.title,
  description = excluded.description,
  entity_type = excluded.entity_type,
  entity_id = excluded.entity_id,
  client_id = excluded.client_id,
  client_name = excluded.client_name,
  quote_id = excluded.quote_id,
  quote_status = excluded.quote_status,
  material_id = excluded.material_id,
  material_name = excluded.material_name,
  employee_id = excluded.employee_id,
  employee_name = excluded.employee_name,
  user_uid = excluded.user_uid,
  user_name = excluded.user_name,
  metadata = excluded.metadata,
  created_at = excluded.created_at;

insert into public.audit_logs (id, user_id, user_email, user_name, action, module, target_id, old_value, new_value, created_at)
values
  ('mjwAX17ReySL3sdZUU4x', 'JPSHn4Zeq4RhmdQO313pIW4mVJH2', 'brian_takiya77@outlook.com', 'brian_takiya77', 'change_user_permission', 'admin', 'oMgxor0aUPUPVrNNK1Q5E4hLjC63', 'true'::jsonb, 'false'::jsonb, '2026-05-20T13:10:38.766Z'::timestamptz),
  ('6lDYEYYby7KXnIXvE7mO', 'JPSHn4Zeq4RhmdQO313pIW4mVJH2', 'brian_takiya77@outlook.com', 'brian_takiya77', 'change_user_permission', 'admin', 'teaHQJYhs6YKcqKbuAj7Jli96sI2', 'false'::jsonb, 'true'::jsonb, '2026-05-20T13:29:16.599Z'::timestamptz),
  ('uPfFLemP4czQAZ0DdPBK', 'JPSHn4Zeq4RhmdQO313pIW4mVJH2', 'brian_takiya77@outlook.com', 'brian_takiya77', 'change_user_permission', 'admin', 'VlN44VojjDaGp2AVF398Gc3btiD3', 'false'::jsonb, 'true'::jsonb, '2026-05-20T13:29:54.385Z'::timestamptz),
  ('hH0q4CAFgsoYDes9Txwz', 'JPSHn4Zeq4RhmdQO313pIW4mVJH2', 'brian_takiya77@outlook.com', 'brian_takiya77', 'change_user_permission', 'admin', 'oMgxor0aUPUPVrNNK1Q5E4hLjC63', 'true'::jsonb, 'false'::jsonb, '2026-05-12T20:40:24.088Z'::timestamptz),
  ('BFjVtb0UalXNSK0qMwDg', 'JPSHn4Zeq4RhmdQO313pIW4mVJH2', 'brian_takiya77@outlook.com', 'brian_takiya77', 'change_user_permission', 'admin', 'a7HNZZyjLtZ9vwK2quKJzaCKaf73', 'false'::jsonb, 'true'::jsonb, '2026-05-13T16:33:54.816Z'::timestamptz),
  ('T5O3DFF0ocayb8sSuEEn', 'JPSHn4Zeq4RhmdQO313pIW4mVJH2', 'brian_takiya77@outlook.com', 'brian_takiya77', 'change_user_permission', 'admin', 'lr7O5vB69Zf5JuxgKkb5Q5ib1Am1', 'true'::jsonb, 'false'::jsonb, '2026-05-20T13:30:32.398Z'::timestamptz),
  ('YSYedXHdzaur4aJCRdMp', 'JPSHn4Zeq4RhmdQO313pIW4mVJH2', 'brian_takiya77@outlook.com', 'brian_takiya77', 'change_user_permission', 'admin', 'a7HNZZyjLtZ9vwK2quKJzaCKaf73', 'false'::jsonb, 'true'::jsonb, '2026-05-20T13:31:21.067Z'::timestamptz),
  ('5t3FHbzUhH3aFb3gvtQ6', 'JPSHn4Zeq4RhmdQO313pIW4mVJH2', 'brian_takiya77@outlook.com', 'brian_takiya77', 'change_user_permission', 'admin', 'oMgxor0aUPUPVrNNK1Q5E4hLjC63', 'false'::jsonb, 'true'::jsonb, '2026-05-20T13:30:51.078Z'::timestamptz),
  ('AUkraJoHAK2R6hlXvsCn', 'JPSHn4Zeq4RhmdQO313pIW4mVJH2', 'brian_takiya77@outlook.com', 'brian_takiya77', 'change_user_role', 'admin', 'oQEE1LSKn3Rt4T9jUML4Ih4k2we2', '"vendedor"'::jsonb, '"liberacao"'::jsonb, '2026-05-20T13:31:47.875Z'::timestamptz),
  ('kFWWnk7NnekedykWLTtu', 'JPSHn4Zeq4RhmdQO313pIW4mVJH2', 'brian_takiya77@outlook.com', 'brian_takiya77', 'change_user_permission', 'admin', 'oMgxor0aUPUPVrNNK1Q5E4hLjC63', 'false'::jsonb, 'true'::jsonb, '2026-05-12T20:41:46.310Z'::timestamptz),
  ('x5M19rddwEs7jPLcBGCB', 'JPSHn4Zeq4RhmdQO313pIW4mVJH2', 'brian_takiya77@outlook.com', 'brian_takiya77', 'change_user_role', 'admin', 'oMgxor0aUPUPVrNNK1Q5E4hLjC63', '"vendedor"'::jsonb, '"administrativo"'::jsonb, '2026-05-15T12:11:58.994Z'::timestamptz),
  ('MtG2JWNAIwDlO1dWaxh1', 'JPSHn4Zeq4RhmdQO313pIW4mVJH2', 'brian_takiya77@outlook.com', 'brian_takiya77', 'change_user_permission', 'admin', 'oMgxor0aUPUPVrNNK1Q5E4hLjC63', 'true'::jsonb, 'false'::jsonb, '2026-05-20T13:10:39.924Z'::timestamptz),
  ('BYp0zNaDSmek5NR7ziRV', 'JPSHn4Zeq4RhmdQO313pIW4mVJH2', 'brian_takiya77@outlook.com', 'brian_takiya77', 'change_user_permission', 'admin', 'teaHQJYhs6YKcqKbuAj7Jli96sI2', 'false'::jsonb, 'true'::jsonb, '2026-05-20T13:29:29.235Z'::timestamptz),
  ('rq7Vo4ChOR9QaoBleAcV', 'JPSHn4Zeq4RhmdQO313pIW4mVJH2', 'brian_takiya77@outlook.com', 'brian_takiya77', 'change_user_permission', 'admin', 'oMgxor0aUPUPVrNNK1Q5E4hLjC63', 'true'::jsonb, 'false'::jsonb, '2026-05-12T20:39:52.938Z'::timestamptz),
  ('BCj3Y0ryrlK3uQNcDh4w', 'JPSHn4Zeq4RhmdQO313pIW4mVJH2', 'brian_takiya77@outlook.com', 'brian_takiya77', 'change_user_permission', 'admin', 'oQEE1LSKn3Rt4T9jUML4Ih4k2we2', 'false'::jsonb, 'true'::jsonb, '2026-05-20T13:31:53.519Z'::timestamptz),
  ('V5cVBSAtQdRuPZeaNf8d', 'JPSHn4Zeq4RhmdQO313pIW4mVJH2', 'brian_takiya77@outlook.com', 'brian_takiya77', 'change_user_permission', 'admin', 'zSxmWGUnKvc8XO4gyyoA630ypq22', 'true'::jsonb, 'false'::jsonb, '2026-05-20T13:31:02.270Z'::timestamptz),
  ('x5ZqaUcNZ9qhYXuJmTQO', 'JPSHn4Zeq4RhmdQO313pIW4mVJH2', 'brian_takiya77@outlook.com', 'brian_takiya77', 'change_user_role', 'admin', 'oMgxor0aUPUPVrNNK1Q5E4hLjC63', '"administrativo"'::jsonb, '"vendedor"'::jsonb, '2026-05-12T20:42:57.017Z'::timestamptz),
  ('NBsK406AvYcgnyGNlFHJ', 'JPSHn4Zeq4RhmdQO313pIW4mVJH2', 'brian_takiya77@outlook.com', 'brian_takiya77', 'change_user_permission', 'admin', 'teaHQJYhs6YKcqKbuAj7Jli96sI2', 'false'::jsonb, 'true'::jsonb, '2026-05-20T13:29:24.595Z'::timestamptz),
  ('HWNUkjVM5xh4K0bWhEg0', 'JPSHn4Zeq4RhmdQO313pIW4mVJH2', 'brian_takiya77@outlook.com', 'brian_takiya77', 'change_user_permission', 'admin', 'oMgxor0aUPUPVrNNK1Q5E4hLjC63', 'true'::jsonb, 'false'::jsonb, '2026-05-12T20:42:23.246Z'::timestamptz),
  ('TOurZIepFNVDYaPSyISF', 'JPSHn4Zeq4RhmdQO313pIW4mVJH2', 'brian_takiya77@outlook.com', 'brian_takiya77', 'change_user_permission', 'admin', 'teaHQJYhs6YKcqKbuAj7Jli96sI2', 'false'::jsonb, 'true'::jsonb, '2026-05-20T13:29:13.418Z'::timestamptz),
  ('OHROEhPBbdKcL2X6vjrr', 'JPSHn4Zeq4RhmdQO313pIW4mVJH2', 'brian_takiya77@outlook.com', 'brian_takiya77', 'change_user_permission', 'admin', 'a7HNZZyjLtZ9vwK2quKJzaCKaf73', 'false'::jsonb, 'true'::jsonb, '2026-05-20T13:31:22.229Z'::timestamptz),
  ('ItwgdhjrlYA8CqbLLKiE', 'JPSHn4Zeq4RhmdQO313pIW4mVJH2', 'brian_takiya77@outlook.com', 'brian_takiya77', 'change_user_permission', 'admin', 'VlN44VojjDaGp2AVF398Gc3btiD3', 'true'::jsonb, 'false'::jsonb, '2026-05-20T13:29:41.869Z'::timestamptz),
  ('U8Ah6NQFAZhtXiu8d0u6', 'JPSHn4Zeq4RhmdQO313pIW4mVJH2', 'brian_takiya77@outlook.com', 'brian_takiya77', 'change_user_permission', 'admin', 'VlN44VojjDaGp2AVF398Gc3btiD3', 'false'::jsonb, 'true'::jsonb, '2026-05-20T13:30:00.374Z'::timestamptz),
  ('NjNuRemjXZwmtIfAiTCn', 'JPSHn4Zeq4RhmdQO313pIW4mVJH2', 'brian_takiya77@outlook.com', 'brian_takiya77', 'change_user_permission', 'admin', 'oQEE1LSKn3Rt4T9jUML4Ih4k2we2', 'false'::jsonb, 'true'::jsonb, '2026-05-20T13:31:51.616Z'::timestamptz),
  ('S2SFZkYYTg046epyJrj4', 'JPSHn4Zeq4RhmdQO313pIW4mVJH2', 'brian_takiya77@outlook.com', 'brian_takiya77', 'change_user_permission', 'admin', 'oMgxor0aUPUPVrNNK1Q5E4hLjC63', 'true'::jsonb, 'false'::jsonb, '2026-05-12T20:40:11.856Z'::timestamptz),
  ('pWb7Cp3RKh4xUkCOguqq', 'JPSHn4Zeq4RhmdQO313pIW4mVJH2', 'brian_takiya77@outlook.com', 'brian_takiya77', 'change_user_permission', 'admin', 'VlN44VojjDaGp2AVF398Gc3btiD3', 'true'::jsonb, 'false'::jsonb, '2026-05-20T13:29:43.305Z'::timestamptz),
  ('wj4Y4bNer1lG5lGmLtA6', 'JPSHn4Zeq4RhmdQO313pIW4mVJH2', 'brian_takiya77@outlook.com', 'brian_takiya77', 'change_user_permission', 'admin', 'lr7O5vB69Zf5JuxgKkb5Q5ib1Am1', 'false'::jsonb, 'true'::jsonb, '2026-05-20T13:30:17.385Z'::timestamptz),
  ('1kHdoWmPGPT8vn5iuur4', 'JPSHn4Zeq4RhmdQO313pIW4mVJH2', 'brian_takiya77@outlook.com', 'brian_takiya77', 'change_user_permission', 'admin', 'zSxmWGUnKvc8XO4gyyoA630ypq22', 'false'::jsonb, 'true'::jsonb, '2026-05-20T13:30:58.099Z'::timestamptz),
  ('OzXBp3k6nHB8530zgWdJ', 'JPSHn4Zeq4RhmdQO313pIW4mVJH2', 'brian_takiya77@outlook.com', 'brian_takiya77', 'change_user_role', 'admin', 'oMgxor0aUPUPVrNNK1Q5E4hLjC63', '"liberacao"'::jsonb, '"administrativo"'::jsonb, '2026-05-12T20:43:08.999Z'::timestamptz),
  ('1eRk4THWyBM62fOXqYVE', 'JPSHn4Zeq4RhmdQO313pIW4mVJH2', 'brian_takiya77@outlook.com', 'brian_takiya77', 'change_user_permission', 'admin', 'lr7O5vB69Zf5JuxgKkb5Q5ib1Am1', 'false'::jsonb, 'true'::jsonb, '2026-05-20T13:30:34.987Z'::timestamptz),
  ('fJDehM0PMljVkg2AkoN5', 'JPSHn4Zeq4RhmdQO313pIW4mVJH2', 'brian_takiya77@outlook.com', 'brian_takiya77', 'change_user_permission', 'admin', 'VlN44VojjDaGp2AVF398Gc3btiD3', 'false'::jsonb, 'true'::jsonb, '2026-05-20T13:29:49.834Z'::timestamptz),
  ('bNxGIQkvRgx0ee7uclkp', 'JPSHn4Zeq4RhmdQO313pIW4mVJH2', 'brian_takiya77@outlook.com', 'brian_takiya77', 'change_user_permission', 'admin', 'VlN44VojjDaGp2AVF398Gc3btiD3', 'true'::jsonb, 'false'::jsonb, '2026-05-20T13:30:04.456Z'::timestamptz),
  ('JECltAN5oF4WF3LsBzPM', 'JPSHn4Zeq4RhmdQO313pIW4mVJH2', 'brian_takiya77@outlook.com', 'brian_takiya77', 'change_user_permission', 'admin', 'oMgxor0aUPUPVrNNK1Q5E4hLjC63', 'false'::jsonb, 'true'::jsonb, '2026-05-20T13:30:49.268Z'::timestamptz),
  ('EpE3nGJAjwuNdMriE9Tm', 'JPSHn4Zeq4RhmdQO313pIW4mVJH2', 'brian_takiya77@outlook.com', 'brian_takiya77', 'change_user_permission', 'admin', 'a7HNZZyjLtZ9vwK2quKJzaCKaf73', 'false'::jsonb, 'true'::jsonb, '2026-05-20T13:31:22.758Z'::timestamptz),
  ('XC1jIHPP5es1OG10nTUD', 'JPSHn4Zeq4RhmdQO313pIW4mVJH2', 'brian_takiya77@outlook.com', 'brian_takiya77', 'change_user_permission', 'admin', 'a7HNZZyjLtZ9vwK2quKJzaCKaf73', 'false'::jsonb, 'true'::jsonb, '2026-05-20T13:31:21.565Z'::timestamptz),
  ('MTIbpBykQzuFKxinGDUK', 'JPSHn4Zeq4RhmdQO313pIW4mVJH2', 'brian_takiya77@outlook.com', 'brian_takiya77', 'change_user_permission', 'admin', 'oMgxor0aUPUPVrNNK1Q5E4hLjC63', 'false'::jsonb, 'true'::jsonb, '2026-05-20T13:10:38.419Z'::timestamptz),
  ('zPrHJxeRQjTZPFsmJnfn', 'JPSHn4Zeq4RhmdQO313pIW4mVJH2', 'brian_takiya77@outlook.com', 'brian_takiya77', 'change_user_permission', 'admin', 'teaHQJYhs6YKcqKbuAj7Jli96sI2', 'false'::jsonb, 'true'::jsonb, '2026-05-20T13:29:12.289Z'::timestamptz),
  ('k4dIamelHto80n1XGK0X', 'JPSHn4Zeq4RhmdQO313pIW4mVJH2', 'brian_takiya77@outlook.com', 'brian_takiya77', 'change_user_permission', 'admin', 'lr7O5vB69Zf5JuxgKkb5Q5ib1Am1', 'false'::jsonb, 'true'::jsonb, '2026-05-20T13:30:36.060Z'::timestamptz),
  ('rG5M0sFKmlkj2GVs5shV', 'JPSHn4Zeq4RhmdQO313pIW4mVJH2', 'brian_takiya77@outlook.com', 'brian_takiya77', 'change_user_permission', 'admin', 'lr7O5vB69Zf5JuxgKkb5Q5ib1Am1', 'false'::jsonb, 'true'::jsonb, '2026-05-20T13:30:28.768Z'::timestamptz),
  ('h5IzYX5l8CJXJZeFSyV6', 'JPSHn4Zeq4RhmdQO313pIW4mVJH2', 'brian_takiya77@outlook.com', 'brian_takiya77', 'change_user_permission', 'admin', 'teaHQJYhs6YKcqKbuAj7Jli96sI2', 'false'::jsonb, 'true'::jsonb, '2026-05-20T13:29:21.367Z'::timestamptz),
  ('G1D6T9D14fiSWRxzgUwn', 'JPSHn4Zeq4RhmdQO313pIW4mVJH2', 'brian_takiya77@outlook.com', 'brian_takiya77', 'delete_user_access', 'admin', 'E687XiV5FNhbdBQCVLeU5X9zRZl1', '{"uid":"E687XiV5FNhbdBQCVLeU5X9zRZl1","email":"dogrecords4m@gmail.com","createdAt":{"__type":"timestamp","iso":"2026-05-13T18:14:00.296Z","seconds":1778696040,"nanoseconds":296000000},"updatedAt":{"__type":"timestamp","iso":"2026-05-13T18:14:00.296Z","seconds":1778696040,"nanoseconds":296000000},"permissions":{"admin":{"excluirUsuarios":false,"visualizarUsuarios":false,"alterarPermissoes":false},"producao":{"alterarEtapa":false,"conferirMedidas":false,"visualizar":true,"finalizarProducao":false},"historico":{"visualizar":true},"cliente":{"visualizar":true,"editarDados":true,"alterarEtapa":true,"anexarArquivos":true,"avaliarFuncionarios":false},"materiais":{"visualizar":true,"editar":false},"relatorios":{"visualizar":false,"verFaturamento":false,"verProdutividade":false,"exportar":false},"medicao":{"criar":true,"visualizar":true,"editar":true},"estoque":{"editar":false,"movimentar":false,"excluir":false,"visualizar":false,"adicionar":false},"projeto":{"criar":true,"editar":true,"visualizar":true,"aprovar":false},"orcamento":{"criar":true,"editar":true,"excluir":false,"visualizar":true,"aprovar":false},"liberacao":{"visualizar":false,"aprovar":false,"reprovar":false},"dashboard":{"visualizar":true}},"blocked":false,"role":"vendedor","name":"DOG","nome":"DOG"}'::jsonb, null, '2026-05-13T18:14:23.654Z'::timestamptz),
  ('rvQXmjvPYVvvxwjOhTTt', 'JPSHn4Zeq4RhmdQO313pIW4mVJH2', 'brian_takiya77@outlook.com', 'brian_takiya77', 'change_user_permission', 'admin', 'zSxmWGUnKvc8XO4gyyoA630ypq22', 'false'::jsonb, 'true'::jsonb, '2026-05-20T13:31:01.057Z'::timestamptz),
  ('QO88fFb1doGGkgYNHCca', 'JPSHn4Zeq4RhmdQO313pIW4mVJH2', 'brian_takiya77@outlook.com', 'brian_takiya77', 'change_user_permission', 'admin', 'a7HNZZyjLtZ9vwK2quKJzaCKaf73', 'false'::jsonb, 'true'::jsonb, '2026-05-13T16:33:56.108Z'::timestamptz),
  ('s3TD2E06gmtYItB0B35Y', 'JPSHn4Zeq4RhmdQO313pIW4mVJH2', 'brian_takiya77@outlook.com', 'brian_takiya77', 'change_user_permission', 'admin', 'oMgxor0aUPUPVrNNK1Q5E4hLjC63', 'false'::jsonb, 'true'::jsonb, '2026-05-12T20:40:28.656Z'::timestamptz),
  ('56WAKnDPOOxY76v3eCra', 'JPSHn4Zeq4RhmdQO313pIW4mVJH2', 'brian_takiya77@outlook.com', 'brian_takiya77', 'change_user_role', 'admin', 'oMgxor0aUPUPVrNNK1Q5E4hLjC63', '"liberacao"'::jsonb, '"vendedor"'::jsonb, '2026-05-12T20:39:38.690Z'::timestamptz),
  ('SkRSVWPIVKaW4YImA34n', 'JPSHn4Zeq4RhmdQO313pIW4mVJH2', 'brian_takiya77@outlook.com', 'brian_takiya77', 'change_user_permission', 'admin', 'oMgxor0aUPUPVrNNK1Q5E4hLjC63', 'false'::jsonb, 'true'::jsonb, '2026-05-12T20:39:53.676Z'::timestamptz),
  ('F4K9ohsVI3cQWjzz46Sg', 'JPSHn4Zeq4RhmdQO313pIW4mVJH2', 'brian_takiya77@outlook.com', 'brian_takiya77', 'change_user_permission', 'admin', 'VlN44VojjDaGp2AVF398Gc3btiD3', 'false'::jsonb, 'true'::jsonb, '2026-05-20T13:29:59.134Z'::timestamptz),
  ('GSa4J2W9R3Cer9TNkdTZ', 'JPSHn4Zeq4RhmdQO313pIW4mVJH2', 'brian_takiya77@outlook.com', 'brian_takiya77', 'change_user_permission', 'admin', 'a7HNZZyjLtZ9vwK2quKJzaCKaf73', 'false'::jsonb, 'true'::jsonb, '2026-05-13T16:33:49.288Z'::timestamptz),
  ('ZGCKVDgGt9EkBmKREjL1', 'JPSHn4Zeq4RhmdQO313pIW4mVJH2', 'brian_takiya77@outlook.com', 'brian_takiya77', 'change_user_permission', 'admin', 'oMgxor0aUPUPVrNNK1Q5E4hLjC63', 'false'::jsonb, 'true'::jsonb, '2026-05-12T20:40:08.858Z'::timestamptz),
  ('oU7M2DXXPcMpDGgiUVMg', 'JPSHn4Zeq4RhmdQO313pIW4mVJH2', 'brian_takiya77@outlook.com', 'brian_takiya77', 'change_user_permission', 'admin', 'VlN44VojjDaGp2AVF398Gc3btiD3', 'false'::jsonb, 'true'::jsonb, '2026-05-20T13:30:13.317Z'::timestamptz),
  ('E8vtE7NvO6XEDhhcDbLj', 'JPSHn4Zeq4RhmdQO313pIW4mVJH2', 'brian_takiya77@outlook.com', 'brian_takiya77', 'change_user_permission', 'admin', 'teaHQJYhs6YKcqKbuAj7Jli96sI2', 'false'::jsonb, 'true'::jsonb, '2026-05-20T13:29:15.479Z'::timestamptz),
  ('wWZvezMgTqptJhPy2HTo', 'JPSHn4Zeq4RhmdQO313pIW4mVJH2', 'brian_takiya77@outlook.com', 'brian_takiya77', 'change_user_permission', 'admin', 'VlN44VojjDaGp2AVF398Gc3btiD3', 'true'::jsonb, 'false'::jsonb, '2026-05-20T13:30:03.577Z'::timestamptz),
  ('YJVt8S4DcjIgWS8M35Q6', 'JPSHn4Zeq4RhmdQO313pIW4mVJH2', 'brian_takiya77@outlook.com', 'brian_takiya77', 'change_user_permission', 'admin', 'a7HNZZyjLtZ9vwK2quKJzaCKaf73', 'false'::jsonb, 'true'::jsonb, '2026-05-20T13:31:34.737Z'::timestamptz),
  ('RLAh5xLD7n6XsXxUdKzZ', 'JPSHn4Zeq4RhmdQO313pIW4mVJH2', 'brian_takiya77@outlook.com', 'brian_takiya77', 'change_user_permission', 'admin', 'oMgxor0aUPUPVrNNK1Q5E4hLjC63', 'true'::jsonb, 'false'::jsonb, '2026-05-12T20:39:57.538Z'::timestamptz),
  ('0HhNJvBya83gHecanCdp', 'JPSHn4Zeq4RhmdQO313pIW4mVJH2', 'brian_takiya77@outlook.com', 'brian_takiya77', 'change_user_role', 'admin', 'a7HNZZyjLtZ9vwK2quKJzaCKaf73', '"administrativo"'::jsonb, '"vendedor"'::jsonb, '2026-05-20T13:31:26.378Z'::timestamptz),
  ('x6ITgo1ZpKUOI2zfXcOE', 'JPSHn4Zeq4RhmdQO313pIW4mVJH2', 'brian_takiya77@outlook.com', 'brian_takiya77', 'change_user_permission', 'admin', 'oMgxor0aUPUPVrNNK1Q5E4hLjC63', 'false'::jsonb, 'true'::jsonb, '2026-05-20T13:30:47.058Z'::timestamptz),
  ('lf3XxbscPQDf6khjTlx0', 'JPSHn4Zeq4RhmdQO313pIW4mVJH2', 'brian_takiya77@outlook.com', 'brian_takiya77', 'change_user_permission', 'admin', 'oMgxor0aUPUPVrNNK1Q5E4hLjC63', 'false'::jsonb, 'true'::jsonb, '2026-05-12T20:41:35.048Z'::timestamptz),
  ('uhLXlF4uhRrW7RZFgGxq', 'JPSHn4Zeq4RhmdQO313pIW4mVJH2', 'brian_takiya77@outlook.com', 'brian_takiya77', 'change_user_role', 'admin', 'oMgxor0aUPUPVrNNK1Q5E4hLjC63', '"coordenador"'::jsonb, '"vendedor"'::jsonb, '2026-05-12T20:43:03.317Z'::timestamptz),
  ('4R5zWO7cJhjJg9lArHYd', 'JPSHn4Zeq4RhmdQO313pIW4mVJH2', 'brian_takiya77@outlook.com', 'brian_takiya77', 'change_user_role', 'admin', 'teaHQJYhs6YKcqKbuAj7Jli96sI2', '"vendedor"'::jsonb, '"administrativo"'::jsonb, '2026-05-18T17:42:21.386Z'::timestamptz),
  ('U6blXwGhMAp4xVCgwTQw', 'JPSHn4Zeq4RhmdQO313pIW4mVJH2', 'brian_takiya77@outlook.com', 'brian_takiya77', 'change_user_permission', 'admin', 'oMgxor0aUPUPVrNNK1Q5E4hLjC63', 'false'::jsonb, 'true'::jsonb, '2026-05-12T20:42:26.265Z'::timestamptz),
  ('y0whHUiAEDG00m5mkKwL', 'JPSHn4Zeq4RhmdQO313pIW4mVJH2', 'brian_takiya77@outlook.com', 'brian_takiya77', 'change_user_permission', 'admin', 'teaHQJYhs6YKcqKbuAj7Jli96sI2', 'false'::jsonb, 'true'::jsonb, '2026-05-20T13:29:30.272Z'::timestamptz),
  ('5KerUtnF2rIuNKC6H94q', 'JPSHn4Zeq4RhmdQO313pIW4mVJH2', 'brian_takiya77@outlook.com', 'brian_takiya77', 'change_user_permission', 'admin', 'oMgxor0aUPUPVrNNK1Q5E4hLjC63', 'false'::jsonb, 'true'::jsonb, '2026-05-20T13:10:39.599Z'::timestamptz),
  ('YlognVgLiTYH88Utmjcw', 'JPSHn4Zeq4RhmdQO313pIW4mVJH2', 'brian_takiya77@outlook.com', 'brian_takiya77', 'change_user_permission', 'admin', 'oMgxor0aUPUPVrNNK1Q5E4hLjC63', 'false'::jsonb, 'true'::jsonb, '2026-05-20T13:10:39.091Z'::timestamptz),
  ('3voDtsgB2Cih99tnDuE1', 'JPSHn4Zeq4RhmdQO313pIW4mVJH2', 'brian_takiya77@outlook.com', 'brian_takiya77', 'change_user_permission', 'admin', 'oMgxor0aUPUPVrNNK1Q5E4hLjC63', 'false'::jsonb, 'true'::jsonb, '2026-05-20T13:30:50.389Z'::timestamptz),
  ('73Ws38kqXBUnkh9XI6Dg', 'JPSHn4Zeq4RhmdQO313pIW4mVJH2', 'brian_takiya77@outlook.com', 'brian_takiya77', 'change_user_permission', 'admin', 'VlN44VojjDaGp2AVF398Gc3btiD3', 'false'::jsonb, 'true'::jsonb, '2026-05-20T13:30:09.597Z'::timestamptz),
  ('nakrkcfO4fqVdE1SHvsK', 'JPSHn4Zeq4RhmdQO313pIW4mVJH2', 'brian_takiya77@outlook.com', 'brian_takiya77', 'change_user_permission', 'admin', 'lr7O5vB69Zf5JuxgKkb5Q5ib1Am1', 'false'::jsonb, 'true'::jsonb, '2026-05-20T13:30:22.639Z'::timestamptz),
  ('1QBmp7hRfh4a7PNg21g0', 'JPSHn4Zeq4RhmdQO313pIW4mVJH2', 'brian_takiya77@outlook.com', 'brian_takiya77', 'change_user_role', 'admin', 'a7HNZZyjLtZ9vwK2quKJzaCKaf73', '"vendedor"'::jsonb, '"administrativo"'::jsonb, '2026-05-13T16:33:42.333Z'::timestamptz),
  ('HSZ7fdnOSfz9A4yTWsh3', 'JPSHn4Zeq4RhmdQO313pIW4mVJH2', 'brian_takiya77@outlook.com', 'brian_takiya77', 'change_user_permission', 'admin', 'zSxmWGUnKvc8XO4gyyoA630ypq22', 'false'::jsonb, 'true'::jsonb, '2026-05-20T13:31:12.736Z'::timestamptz),
  ('7SPXabzMHesOKOB0YPUe', 'JPSHn4Zeq4RhmdQO313pIW4mVJH2', 'brian_takiya77@outlook.com', 'brian_takiya77', 'change_user_permission', 'admin', 'lr7O5vB69Zf5JuxgKkb5Q5ib1Am1', 'true'::jsonb, 'false'::jsonb, '2026-05-20T13:30:30.817Z'::timestamptz),
  ('ak4jl4R269337vhbRtyp', 'JPSHn4Zeq4RhmdQO313pIW4mVJH2', 'brian_takiya77@outlook.com', 'brian_takiya77', 'change_user_permission', 'admin', 'oMgxor0aUPUPVrNNK1Q5E4hLjC63', 'false'::jsonb, 'true'::jsonb, '2026-05-12T20:23:40.327Z'::timestamptz),
  ('LrY56QLzA3WKw4c7l0Mi', 'JPSHn4Zeq4RhmdQO313pIW4mVJH2', 'brian_takiya77@outlook.com', 'brian_takiya77', 'change_user_permission', 'admin', 'oMgxor0aUPUPVrNNK1Q5E4hLjC63', 'false'::jsonb, 'true'::jsonb, '2026-05-20T13:30:39.586Z'::timestamptz),
  ('0YLP3YdYJxxpijPhe226', 'JPSHn4Zeq4RhmdQO313pIW4mVJH2', 'brian_takiya77@outlook.com', 'brian_takiya77', 'change_user_permission', 'admin', 'oMgxor0aUPUPVrNNK1Q5E4hLjC63', 'false'::jsonb, 'true'::jsonb, '2026-05-20T13:30:46.757Z'::timestamptz),
  ('Hb9X9Jwom8bACN39xx8J', 'JPSHn4Zeq4RhmdQO313pIW4mVJH2', 'brian_takiya77@outlook.com', 'brian_takiya77', 'change_user_role', 'admin', 'oMgxor0aUPUPVrNNK1Q5E4hLjC63', '"vendedor"'::jsonb, '"coordenador"'::jsonb, '2026-05-12T20:22:47.628Z'::timestamptz),
  ('E4zrWki6iizOF6wdTQcf', 'JPSHn4Zeq4RhmdQO313pIW4mVJH2', 'brian_takiya77@outlook.com', 'brian_takiya77', 'change_user_permission', 'admin', 'oMgxor0aUPUPVrNNK1Q5E4hLjC63', 'false'::jsonb, 'true'::jsonb, '2026-05-20T13:10:37.690Z'::timestamptz),
  ('VPGu9LN5rRdEO2Sc3y5z', 'JPSHn4Zeq4RhmdQO313pIW4mVJH2', 'brian_takiya77@outlook.com', 'brian_takiya77', 'change_user_role', 'admin', 'lr7O5vB69Zf5JuxgKkb5Q5ib1Am1', '"vendedor"'::jsonb, '"administrativo"'::jsonb, '2026-05-14T13:46:55.858Z'::timestamptz),
  ('1FXPW3BgbnfnJ1TkNJ0l', 'JPSHn4Zeq4RhmdQO313pIW4mVJH2', 'brian_takiya77@outlook.com', 'brian_takiya77', 'change_user_permission', 'admin', 'zSxmWGUnKvc8XO4gyyoA630ypq22', 'false'::jsonb, 'true'::jsonb, '2026-05-20T13:30:54.506Z'::timestamptz),
  ('oHMdfNaBgMPLQKnalt8Q', 'JPSHn4Zeq4RhmdQO313pIW4mVJH2', 'brian_takiya77@outlook.com', 'brian_takiya77', 'change_user_permission', 'admin', 'teaHQJYhs6YKcqKbuAj7Jli96sI2', 'false'::jsonb, 'true'::jsonb, '2026-05-20T13:29:25.694Z'::timestamptz),
  ('oO1Y1USfjQL0u7j254vi', 'JPSHn4Zeq4RhmdQO313pIW4mVJH2', 'brian_takiya77@outlook.com', 'brian_takiya77', 'change_user_role', 'admin', 'oMgxor0aUPUPVrNNK1Q5E4hLjC63', '"vendedor"'::jsonb, '"coordenador"'::jsonb, '2026-05-12T20:42:59.649Z'::timestamptz),
  ('TytJX3wQ6yyJAhGZnaKp', 'JPSHn4Zeq4RhmdQO313pIW4mVJH2', 'brian_takiya77@outlook.com', 'brian_takiya77', 'change_user_permission', 'admin', 'oMgxor0aUPUPVrNNK1Q5E4hLjC63', 'false'::jsonb, 'true'::jsonb, '2026-05-20T13:30:49.546Z'::timestamptz),
  ('Cqv9JA9YSF8Z3fjOsbFU', 'JPSHn4Zeq4RhmdQO313pIW4mVJH2', 'brian_takiya77@outlook.com', 'brian_takiya77', 'change_user_permission', 'admin', 'oMgxor0aUPUPVrNNK1Q5E4hLjC63', 'false'::jsonb, 'true'::jsonb, '2026-05-20T13:30:42.971Z'::timestamptz),
  ('8arPbIoXSp9TtRb0rNPo', 'JPSHn4Zeq4RhmdQO313pIW4mVJH2', 'brian_takiya77@outlook.com', 'brian_takiya77', 'change_user_permission', 'admin', 'oMgxor0aUPUPVrNNK1Q5E4hLjC63', 'false'::jsonb, 'true'::jsonb, '2026-05-12T20:39:51.298Z'::timestamptz),
  ('0nbfrJKcmRin3eZgQB2J', 'JPSHn4Zeq4RhmdQO313pIW4mVJH2', 'brian_takiya77@outlook.com', 'brian_takiya77', 'change_user_permission', 'admin', 'oMgxor0aUPUPVrNNK1Q5E4hLjC63', 'false'::jsonb, 'true'::jsonb, '2026-05-20T13:10:40.824Z'::timestamptz),
  ('hlLHEgIEEGefy5LaplQ6', 'JPSHn4Zeq4RhmdQO313pIW4mVJH2', 'brian_takiya77@outlook.com', 'brian_takiya77', 'change_user_permission', 'admin', 'oMgxor0aUPUPVrNNK1Q5E4hLjC63', 'false'::jsonb, 'true'::jsonb, '2026-05-12T20:20:57.240Z'::timestamptz),
  ('c1rkV5d4ewSOrHfH6oFI', 'JPSHn4Zeq4RhmdQO313pIW4mVJH2', 'brian_takiya77@outlook.com', 'brian_takiya77', 'change_user_permission', 'admin', 'oMgxor0aUPUPVrNNK1Q5E4hLjC63', 'false'::jsonb, 'true'::jsonb, '2026-05-12T20:39:55.544Z'::timestamptz),
  ('Iav9jS5iFZdEHtLd3N2G', 'JPSHn4Zeq4RhmdQO313pIW4mVJH2', 'brian_takiya77@outlook.com', 'brian_takiya77', 'change_user_permission', 'admin', 'teaHQJYhs6YKcqKbuAj7Jli96sI2', 'false'::jsonb, 'true'::jsonb, '2026-05-20T13:29:29.525Z'::timestamptz),
  ('QpkjtF9ZFFQh6IUahCXW', 'JPSHn4Zeq4RhmdQO313pIW4mVJH2', 'brian_takiya77@outlook.com', 'brian_takiya77', 'change_user_permission', 'admin', 'a7HNZZyjLtZ9vwK2quKJzaCKaf73', 'false'::jsonb, 'true'::jsonb, '2026-05-20T13:31:41.821Z'::timestamptz),
  ('fDT8mRVcqchfTDL4v9c3', 'JPSHn4Zeq4RhmdQO313pIW4mVJH2', 'brian_takiya77@outlook.com', 'brian_takiya77', 'change_user_role', 'admin', 'oMgxor0aUPUPVrNNK1Q5E4hLjC63', '"vendedor"'::jsonb, '"coordenador"'::jsonb, '2026-05-12T20:43:04.977Z'::timestamptz),
  ('g9UDXiyxRUo0CPjMNlVn', 'JPSHn4Zeq4RhmdQO313pIW4mVJH2', 'brian_takiya77@outlook.com', 'brian_takiya77', 'change_user_permission', 'admin', 'teaHQJYhs6YKcqKbuAj7Jli96sI2', 'true'::jsonb, 'false'::jsonb, '2026-05-20T13:29:18.107Z'::timestamptz),
  ('beSJcZ2NHTgojZ0mUkPw', 'JPSHn4Zeq4RhmdQO313pIW4mVJH2', 'brian_takiya77@outlook.com', 'brian_takiya77', 'change_user_permission', 'admin', 'VlN44VojjDaGp2AVF398Gc3btiD3', 'false'::jsonb, 'true'::jsonb, '2026-05-20T13:30:07.245Z'::timestamptz),
  ('4XuzTYaUKHzHtsFxfDE9', 'JPSHn4Zeq4RhmdQO313pIW4mVJH2', 'brian_takiya77@outlook.com', 'brian_takiya77', 'change_user_permission', 'admin', 'oMgxor0aUPUPVrNNK1Q5E4hLjC63', 'false'::jsonb, 'true'::jsonb, '2026-05-20T13:30:46.299Z'::timestamptz),
  ('bXIJEAeUxHy1fK0cg4lN', 'JPSHn4Zeq4RhmdQO313pIW4mVJH2', 'brian_takiya77@outlook.com', 'brian_takiya77', 'change_user_permission', 'admin', 'oMgxor0aUPUPVrNNK1Q5E4hLjC63', 'false'::jsonb, 'true'::jsonb, '2026-05-20T13:30:50.795Z'::timestamptz),
  ('nn7qQj7moGuMiCljemVo', 'JPSHn4Zeq4RhmdQO313pIW4mVJH2', 'brian_takiya77@outlook.com', 'brian_takiya77', 'change_user_permission', 'admin', 'teaHQJYhs6YKcqKbuAj7Jli96sI2', 'false'::jsonb, 'true'::jsonb, '2026-05-20T13:29:28.477Z'::timestamptz),
  ('lfQXBr3Z0GbQfEnBgzSJ', 'JPSHn4Zeq4RhmdQO313pIW4mVJH2', 'brian_takiya77@outlook.com', 'brian_takiya77', 'change_user_permission', 'admin', 'VlN44VojjDaGp2AVF398Gc3btiD3', 'false'::jsonb, 'true'::jsonb, '2026-05-20T13:29:54.826Z'::timestamptz),
  ('UaVZbgh5RnHFp3FhN22G', 'JPSHn4Zeq4RhmdQO313pIW4mVJH2', 'brian_takiya77@outlook.com', 'brian_takiya77', 'change_user_permission', 'admin', 'oMgxor0aUPUPVrNNK1Q5E4hLjC63', 'false'::jsonb, 'true'::jsonb, '2026-05-12T20:41:21.747Z'::timestamptz),
  ('rxgXf7i9YIRLlXVdHTRo', 'JPSHn4Zeq4RhmdQO313pIW4mVJH2', 'brian_takiya77@outlook.com', 'brian_takiya77', 'change_user_permission', 'admin', 'oMgxor0aUPUPVrNNK1Q5E4hLjC63', 'false'::jsonb, 'true'::jsonb, '2026-05-20T13:10:37.497Z'::timestamptz),
  ('KbAR40LDWaLUyzIaNgEA', 'JPSHn4Zeq4RhmdQO313pIW4mVJH2', 'brian_takiya77@outlook.com', 'brian_takiya77', 'change_user_permission', 'admin', 'oMgxor0aUPUPVrNNK1Q5E4hLjC63', 'false'::jsonb, 'true'::jsonb, '2026-05-12T20:23:30.944Z'::timestamptz),
  ('P5E805K6qXnRFLfmVMYv', 'JPSHn4Zeq4RhmdQO313pIW4mVJH2', 'brian_takiya77@outlook.com', 'brian_takiya77', 'change_user_role', 'admin', 'oMgxor0aUPUPVrNNK1Q5E4hLjC63', '"coordenador"'::jsonb, '"liberacao"'::jsonb, '2026-05-12T20:23:52.458Z'::timestamptz),
  ('3Qm0wNfGUBp8ecFZkI3H', 'JPSHn4Zeq4RhmdQO313pIW4mVJH2', 'brian_takiya77@outlook.com', 'brian_takiya77', 'change_user_permission', 'admin', 'oMgxor0aUPUPVrNNK1Q5E4hLjC63', 'true'::jsonb, 'false'::jsonb, '2026-05-12T20:23:24.898Z'::timestamptz),
  ('I0hDso2cre4odL1xvuDS', 'JPSHn4Zeq4RhmdQO313pIW4mVJH2', 'brian_takiya77@outlook.com', 'brian_takiya77', 'change_user_permission', 'admin', 'teaHQJYhs6YKcqKbuAj7Jli96sI2', 'false'::jsonb, 'true'::jsonb, '2026-05-20T13:29:27.035Z'::timestamptz),
  ('CLsbY3XIAX3q5S6iAyWc', 'JPSHn4Zeq4RhmdQO313pIW4mVJH2', 'brian_takiya77@outlook.com', 'brian_takiya77', 'change_user_permission', 'admin', 'VlN44VojjDaGp2AVF398Gc3btiD3', 'false'::jsonb, 'true'::jsonb, '2026-05-20T13:30:08.415Z'::timestamptz),
  ('UKYVS21AuBIyk1i6o3JY', 'JPSHn4Zeq4RhmdQO313pIW4mVJH2', 'brian_takiya77@outlook.com', 'brian_takiya77', 'change_user_permission', 'admin', 'oMgxor0aUPUPVrNNK1Q5E4hLjC63', 'false'::jsonb, 'true'::jsonb, '2026-05-12T20:42:13.049Z'::timestamptz),
  ('nG2T9KcwXyEvxT2UG3oD', 'JPSHn4Zeq4RhmdQO313pIW4mVJH2', 'brian_takiya77@outlook.com', 'brian_takiya77', 'change_user_permission', 'admin', 'oMgxor0aUPUPVrNNK1Q5E4hLjC63', 'false'::jsonb, 'true'::jsonb, '2026-05-12T20:42:51.707Z'::timestamptz),
  ('zSVDsSPesEnRfhIxzYJx', 'JPSHn4Zeq4RhmdQO313pIW4mVJH2', 'brian_takiya77@outlook.com', 'brian_takiya77', 'change_user_role', 'admin', 'oMgxor0aUPUPVrNNK1Q5E4hLjC63', '"coordenador"'::jsonb, '"liberacao"'::jsonb, '2026-05-12T20:43:07.088Z'::timestamptz),
  ('fI9j9a7wKzrxJYzyNmTG', 'JPSHn4Zeq4RhmdQO313pIW4mVJH2', 'brian_takiya77@outlook.com', 'brian_takiya77', 'change_user_role', 'admin', 'a7HNZZyjLtZ9vwK2quKJzaCKaf73', '"administrativo"'::jsonb, '"vendedor"'::jsonb, '2026-05-13T15:41:49.697Z'::timestamptz),
  ('eLtrxYUoMRRu9WfB0hv5', 'JPSHn4Zeq4RhmdQO313pIW4mVJH2', 'brian_takiya77@outlook.com', 'brian_takiya77', 'change_user_permission', 'admin', 'VlN44VojjDaGp2AVF398Gc3btiD3', 'false'::jsonb, 'true'::jsonb, '2026-05-20T13:30:12.027Z'::timestamptz),
  ('QCF2pui5WeWHwSY2DgwP', 'JPSHn4Zeq4RhmdQO313pIW4mVJH2', 'brian_takiya77@outlook.com', 'brian_takiya77', 'change_user_permission', 'admin', 'oMgxor0aUPUPVrNNK1Q5E4hLjC63', 'false'::jsonb, 'true'::jsonb, '2026-05-20T13:30:48.038Z'::timestamptz),
  ('F0CXV8fzgQwW5NlirR59', 'JPSHn4Zeq4RhmdQO313pIW4mVJH2', 'brian_takiya77@outlook.com', 'brian_takiya77', 'change_user_permission', 'admin', 'VlN44VojjDaGp2AVF398Gc3btiD3', 'false'::jsonb, 'true'::jsonb, '2026-05-20T13:29:58.228Z'::timestamptz),
  ('2XKFEDhhsEeyhsxiECMu', 'JPSHn4Zeq4RhmdQO313pIW4mVJH2', 'brian_takiya77@outlook.com', 'brian_takiya77', 'change_user_permission', 'admin', 'oMgxor0aUPUPVrNNK1Q5E4hLjC63', 'false'::jsonb, 'true'::jsonb, '2026-05-20T13:30:45.595Z'::timestamptz),
  ('DQOxuUnNVJhsKsiZSN7b', 'JPSHn4Zeq4RhmdQO313pIW4mVJH2', 'brian_takiya77@outlook.com', 'brian_takiya77', 'change_user_permission', 'admin', 'teaHQJYhs6YKcqKbuAj7Jli96sI2', 'false'::jsonb, 'true'::jsonb, '2026-05-20T13:29:12.670Z'::timestamptz),
  ('l8gcD0ZfwL57EhokLlRr', 'JPSHn4Zeq4RhmdQO313pIW4mVJH2', 'brian_takiya77@outlook.com', 'brian_takiya77', 'change_user_permission', 'admin', 'zSxmWGUnKvc8XO4gyyoA630ypq22', 'false'::jsonb, 'true'::jsonb, '2026-05-20T13:31:11.766Z'::timestamptz),
  ('hlEq0akLI7rhKN3K5Yq0', 'JPSHn4Zeq4RhmdQO313pIW4mVJH2', 'brian_takiya77@outlook.com', 'brian_takiya77', 'change_user_permission', 'admin', 'oMgxor0aUPUPVrNNK1Q5E4hLjC63', 'false'::jsonb, 'true'::jsonb, '2026-05-12T20:23:28.605Z'::timestamptz),
  ('EGLOvHTRvvHPz9C3pApu', 'JPSHn4Zeq4RhmdQO313pIW4mVJH2', 'brian_takiya77@outlook.com', 'brian_takiya77', 'change_user_permission', 'admin', 'oMgxor0aUPUPVrNNK1Q5E4hLjC63', 'false'::jsonb, 'true'::jsonb, '2026-05-12T20:40:29.616Z'::timestamptz),
  ('UzlqAuyM6NlngoemsWQl', 'JPSHn4Zeq4RhmdQO313pIW4mVJH2', 'brian_takiya77@outlook.com', 'brian_takiya77', 'change_user_permission', 'admin', 'oMgxor0aUPUPVrNNK1Q5E4hLjC63', 'false'::jsonb, 'true'::jsonb, '2026-05-20T13:30:41.818Z'::timestamptz),
  ('bBTo3q9PU0g00qKGkmZA', 'JPSHn4Zeq4RhmdQO313pIW4mVJH2', 'brian_takiya77@outlook.com', 'brian_takiya77', 'change_user_permission', 'admin', 'teaHQJYhs6YKcqKbuAj7Jli96sI2', 'false'::jsonb, 'true'::jsonb, '2026-05-20T13:29:28.134Z'::timestamptz),
  ('MIhj9bMnsOry4b2tEJtr', 'JPSHn4Zeq4RhmdQO313pIW4mVJH2', 'brian_takiya77@outlook.com', 'brian_takiya77', 'change_user_permission', 'admin', 'oQEE1LSKn3Rt4T9jUML4Ih4k2we2', 'false'::jsonb, 'true'::jsonb, '2026-05-20T13:31:56.911Z'::timestamptz),
  ('TP18srugZ5hMXevPa62W', 'JPSHn4Zeq4RhmdQO313pIW4mVJH2', 'brian_takiya77@outlook.com', 'brian_takiya77', 'change_user_role', 'admin', 'a7HNZZyjLtZ9vwK2quKJzaCKaf73', '"vendedor"'::jsonb, '"administrativo"'::jsonb, '2026-05-13T15:41:44.958Z'::timestamptz),
  ('4fxNgNoJHgLeAKfFB5Ql', 'JPSHn4Zeq4RhmdQO313pIW4mVJH2', 'brian_takiya77@outlook.com', 'brian_takiya77', 'change_user_permission', 'admin', 'a7HNZZyjLtZ9vwK2quKJzaCKaf73', 'false'::jsonb, 'true'::jsonb, '2026-05-13T16:34:06.742Z'::timestamptz),
  ('m9uW7472bzmVjBiCjoFR', 'JPSHn4Zeq4RhmdQO313pIW4mVJH2', 'brian_takiya77@outlook.com', 'brian_takiya77', 'change_user_permission', 'admin', 'teaHQJYhs6YKcqKbuAj7Jli96sI2', 'false'::jsonb, 'true'::jsonb, '2026-05-20T13:29:23.667Z'::timestamptz),
  ('s4u7AAEDhPNNh8P6Zncj', 'JPSHn4Zeq4RhmdQO313pIW4mVJH2', 'brian_takiya77@outlook.com', 'brian_takiya77', 'change_user_permission', 'admin', 'VlN44VojjDaGp2AVF398Gc3btiD3', 'false'::jsonb, 'true'::jsonb, '2026-05-20T13:30:01.685Z'::timestamptz),
  ('1XL139sCuRTAQQKFTcMB', 'JPSHn4Zeq4RhmdQO313pIW4mVJH2', 'brian_takiya77@outlook.com', 'brian_takiya77', 'change_user_role', 'admin', 'oMgxor0aUPUPVrNNK1Q5E4hLjC63', '"liberacao"'::jsonb, '"administrativo"'::jsonb, '2026-05-12T20:41:54.787Z'::timestamptz),
  ('MvAeyVyNvQYzOrQhjwif', 'JPSHn4Zeq4RhmdQO313pIW4mVJH2', 'brian_takiya77@outlook.com', 'brian_takiya77', 'change_user_permission', 'admin', 'a7HNZZyjLtZ9vwK2quKJzaCKaf73', 'false'::jsonb, 'true'::jsonb, '2026-05-20T13:31:33.388Z'::timestamptz),
  ('GPRJ2OSRBoKV3MZuIM3v', 'JPSHn4Zeq4RhmdQO313pIW4mVJH2', 'brian_takiya77@outlook.com', 'brian_takiya77', 'change_user_permission', 'admin', 'lr7O5vB69Zf5JuxgKkb5Q5ib1Am1', 'false'::jsonb, 'true'::jsonb, '2026-05-20T13:30:28.187Z'::timestamptz),
  ('N4yPucUrQj2fgVNVi4Qa', 'JPSHn4Zeq4RhmdQO313pIW4mVJH2', 'brian_takiya77@outlook.com', 'brian_takiya77', 'change_user_permission', 'admin', 'VlN44VojjDaGp2AVF398Gc3btiD3', 'false'::jsonb, 'true'::jsonb, '2026-05-20T13:30:11.669Z'::timestamptz),
  ('QDaC7qHkeX9O1V6Ec6Ju', 'JPSHn4Zeq4RhmdQO313pIW4mVJH2', 'brian_takiya77@outlook.com', 'brian_takiya77', 'change_user_permission', 'admin', 'oMgxor0aUPUPVrNNK1Q5E4hLjC63', 'false'::jsonb, 'true'::jsonb, '2026-05-20T13:30:42.165Z'::timestamptz),
  ('e3epD12s5f3w0xIhKwc8', 'JPSHn4Zeq4RhmdQO313pIW4mVJH2', 'brian_takiya77@outlook.com', 'brian_takiya77', 'change_user_permission', 'admin', 'oQEE1LSKn3Rt4T9jUML4Ih4k2we2', 'false'::jsonb, 'true'::jsonb, '2026-05-20T13:31:50.581Z'::timestamptz),
  ('S9KobyhmoEtCX5QShPtY', 'JPSHn4Zeq4RhmdQO313pIW4mVJH2', 'brian_takiya77@outlook.com', 'brian_takiya77', 'change_user_role', 'admin', 'oMgxor0aUPUPVrNNK1Q5E4hLjC63', '"coordenador"'::jsonb, '"liberacao"'::jsonb, '2026-05-12T20:41:30.057Z'::timestamptz),
  ('Ilb7tLZFgfRlR20C4GFQ', 'JPSHn4Zeq4RhmdQO313pIW4mVJH2', 'brian_takiya77@outlook.com', 'brian_takiya77', 'change_user_permission', 'admin', 'a7HNZZyjLtZ9vwK2quKJzaCKaf73', 'false'::jsonb, 'true'::jsonb, '2026-05-13T16:34:02.820Z'::timestamptz),
  ('qplWHRfR00dAXx7CUS2B', 'JPSHn4Zeq4RhmdQO313pIW4mVJH2', 'brian_takiya77@outlook.com', 'brian_takiya77', 'change_user_permission', 'admin', 'teaHQJYhs6YKcqKbuAj7Jli96sI2', 'false'::jsonb, 'true'::jsonb, '2026-05-20T13:29:22.974Z'::timestamptz),
  ('S0gJ3LLWEODxW3nBeSXt', 'JPSHn4Zeq4RhmdQO313pIW4mVJH2', 'brian_takiya77@outlook.com', 'brian_takiya77', 'change_user_permission', 'admin', 'VlN44VojjDaGp2AVF398Gc3btiD3', 'true'::jsonb, 'false'::jsonb, '2026-05-20T13:29:45.355Z'::timestamptz),
  ('FJPaPLsr8ikkoy3XI0BY', 'JPSHn4Zeq4RhmdQO313pIW4mVJH2', 'brian_takiya77@outlook.com', 'brian_takiya77', 'change_user_permission', 'admin', 'oQEE1LSKn3Rt4T9jUML4Ih4k2we2', 'false'::jsonb, 'true'::jsonb, '2026-05-20T13:32:04.342Z'::timestamptz),
  ('UY2ZslZWeZH7QMryYQYF', 'JPSHn4Zeq4RhmdQO313pIW4mVJH2', 'brian_takiya77@outlook.com', 'brian_takiya77', 'change_user_permission', 'admin', 'VlN44VojjDaGp2AVF398Gc3btiD3', 'false'::jsonb, 'true'::jsonb, '2026-05-20T13:30:01.345Z'::timestamptz),
  ('n25FS58uV1CabGIcWnwX', 'JPSHn4Zeq4RhmdQO313pIW4mVJH2', 'brian_takiya77@outlook.com', 'brian_takiya77', 'change_user_role', 'admin', 'oMgxor0aUPUPVrNNK1Q5E4hLjC63', '"vendedor"'::jsonb, '"coordenador"'::jsonb, '2026-05-12T20:41:05.396Z'::timestamptz),
  ('MIDgOHynOHX6XxHzST0N', 'JPSHn4Zeq4RhmdQO313pIW4mVJH2', 'brian_takiya77@outlook.com', 'brian_takiya77', 'change_user_role', 'admin', 'VlN44VojjDaGp2AVF398Gc3btiD3', '"vendedor"'::jsonb, '"administrativo"'::jsonb, '2026-05-19T20:45:34.463Z'::timestamptz),
  ('rwnV3KmGPvnLUCVE5Zcw', 'JPSHn4Zeq4RhmdQO313pIW4mVJH2', 'brian_takiya77@outlook.com', 'brian_takiya77', 'change_user_permission', 'admin', 'oMgxor0aUPUPVrNNK1Q5E4hLjC63', 'false'::jsonb, 'true'::jsonb, '2026-05-20T13:30:40.216Z'::timestamptz),
  ('PEWftoscEWdIel8EqOYs', 'JPSHn4Zeq4RhmdQO313pIW4mVJH2', 'brian_takiya77@outlook.com', 'brian_takiya77@outlook.com', 'update_employee_evaluation', 'cliente', '4g8vkb1hKOJLZpGaFaPO', null, '{"step":"medicao","employeeId":"I6TAqxvPPSKOVJKGqmj0","employeeName":"Hiroshi","rating":5,"notes":"","createdAt":{"__type":"timestamp","iso":"2026-05-13T14:09:32.820Z","seconds":1778681372,"nanoseconds":820000000},"evaluatedByUid":"JPSHn4Zeq4RhmdQO313pIW4mVJH2","evaluatedByName":"Brian Takiya"}'::jsonb, '2026-05-13T14:09:32.542Z'::timestamptz),
  ('RsZZ6QftoDOfzvXJpsz3', 'JPSHn4Zeq4RhmdQO313pIW4mVJH2', 'brian_takiya77@outlook.com', 'brian_takiya77', 'change_user_permission', 'admin', 'teaHQJYhs6YKcqKbuAj7Jli96sI2', 'false'::jsonb, 'true'::jsonb, '2026-05-20T13:29:25.346Z'::timestamptz),
  ('u3MjZzGAKixNPmJElpml', 'JPSHn4Zeq4RhmdQO313pIW4mVJH2', 'brian_takiya77@outlook.com', 'brian_takiya77', 'change_user_permission', 'admin', 'oMgxor0aUPUPVrNNK1Q5E4hLjC63', 'false'::jsonb, 'true'::jsonb, '2026-05-20T13:10:41.240Z'::timestamptz),
  ('tMeWFFpN4hXhWqRqPtYz', 'JPSHn4Zeq4RhmdQO313pIW4mVJH2', 'brian_takiya77@outlook.com', 'brian_takiya77', 'change_user_role', 'admin', 'oMgxor0aUPUPVrNNK1Q5E4hLjC63', '"administrativo"'::jsonb, '"vendedor"'::jsonb, '2026-05-12T20:43:10.717Z'::timestamptz),
  ('g1Fb4QMUrCk2yJ10SQEb', 'JPSHn4Zeq4RhmdQO313pIW4mVJH2', 'brian_takiya77@outlook.com', 'brian_takiya77', 'change_user_permission', 'admin', 'oMgxor0aUPUPVrNNK1Q5E4hLjC63', 'true'::jsonb, 'false'::jsonb, '2026-05-12T20:23:33.437Z'::timestamptz),
  ('l70Y23oJn5OwR9L4Oa3W', 'JPSHn4Zeq4RhmdQO313pIW4mVJH2', 'brian_takiya77@outlook.com', 'brian_takiya77', 'change_user_permission', 'admin', 'teaHQJYhs6YKcqKbuAj7Jli96sI2', 'false'::jsonb, 'true'::jsonb, '2026-05-20T13:29:13.767Z'::timestamptz),
  ('yaM3siSbbKIDcejrMy2e', 'JPSHn4Zeq4RhmdQO313pIW4mVJH2', 'brian_takiya77@outlook.com', 'brian_takiya77', 'change_user_permission', 'admin', 'oQEE1LSKn3Rt4T9jUML4Ih4k2we2', 'false'::jsonb, 'true'::jsonb, '2026-05-20T13:32:02.796Z'::timestamptz),
  ('qcn9MeNqVrl0nxRfC53e', 'JPSHn4Zeq4RhmdQO313pIW4mVJH2', 'brian_takiya77@outlook.com', 'brian_takiya77', 'change_user_permission', 'admin', 'oMgxor0aUPUPVrNNK1Q5E4hLjC63', 'false'::jsonb, 'true'::jsonb, '2026-05-20T13:30:39.246Z'::timestamptz),
  ('A7sJiVutczvYVvR0mPtZ', 'JPSHn4Zeq4RhmdQO313pIW4mVJH2', 'brian_takiya77@outlook.com', 'brian_takiya77', 'change_user_permission', 'admin', 'oMgxor0aUPUPVrNNK1Q5E4hLjC63', 'true'::jsonb, 'false'::jsonb, '2026-05-12T20:40:27.514Z'::timestamptz),
  ('yTCbXDNZ50eY9ESPa5k3', 'JPSHn4Zeq4RhmdQO313pIW4mVJH2', 'brian_takiya77@outlook.com', 'brian_takiya77', 'change_user_permission', 'admin', 'VlN44VojjDaGp2AVF398Gc3btiD3', 'false'::jsonb, 'true'::jsonb, '2026-05-20T13:29:33.786Z'::timestamptz),
  ('BlRkqINQPxLeKnDfqXdU', 'JPSHn4Zeq4RhmdQO313pIW4mVJH2', 'brian_takiya77@outlook.com', 'brian_takiya77', 'change_user_permission', 'admin', 'oMgxor0aUPUPVrNNK1Q5E4hLjC63', 'false'::jsonb, 'true'::jsonb, '2026-05-20T13:30:48.785Z'::timestamptz),
  ('iI3xIt8fWHtTFMACElD5', 'JPSHn4Zeq4RhmdQO313pIW4mVJH2', 'brian_takiya77@outlook.com', 'brian_takiya77', 'change_user_permission', 'admin', 'oMgxor0aUPUPVrNNK1Q5E4hLjC63', 'false'::jsonb, 'true'::jsonb, '2026-05-12T20:20:56.149Z'::timestamptz),
  ('P0z9hNwfmMKku3DYamNJ', 'JPSHn4Zeq4RhmdQO313pIW4mVJH2', 'brian_takiya77@outlook.com', 'brian_takiya77', 'change_user_permission', 'admin', 'oMgxor0aUPUPVrNNK1Q5E4hLjC63', 'true'::jsonb, 'false'::jsonb, '2026-05-12T20:23:45.985Z'::timestamptz),
  ('AmRybkSXNiq3BBcwbLu1', 'JPSHn4Zeq4RhmdQO313pIW4mVJH2', 'brian_takiya77@outlook.com', 'brian_takiya77', 'change_user_permission', 'admin', 'a7HNZZyjLtZ9vwK2quKJzaCKaf73', 'false'::jsonb, 'true'::jsonb, '2026-05-20T13:31:29.500Z'::timestamptz),
  ('Km8aEamsky1LkGOyBL6Y', 'JPSHn4Zeq4RhmdQO313pIW4mVJH2', 'brian_takiya77@outlook.com', 'brian_takiya77', 'change_user_role', 'admin', 'zSxmWGUnKvc8XO4gyyoA630ypq22', '"vendedor"'::jsonb, '"administrativo"'::jsonb, '2026-05-15T12:11:56.938Z'::timestamptz),
  ('xUwJuaJQdDOC28dXyeUQ', 'JPSHn4Zeq4RhmdQO313pIW4mVJH2', 'brian_takiya77@outlook.com', 'brian_takiya77', 'change_user_permission', 'admin', 'oMgxor0aUPUPVrNNK1Q5E4hLjC63', 'false'::jsonb, 'true'::jsonb, '2026-05-12T20:42:38.157Z'::timestamptz),
  ('Yws2bYQH2cyeRpfTvzdW', 'JPSHn4Zeq4RhmdQO313pIW4mVJH2', 'brian_takiya77@outlook.com', 'brian_takiya77', 'change_user_permission', 'admin', 'teaHQJYhs6YKcqKbuAj7Jli96sI2', 'false'::jsonb, 'true'::jsonb, '2026-05-20T13:29:20.864Z'::timestamptz),
  ('VeWRPgS8qCleyLmfWIYC', 'JPSHn4Zeq4RhmdQO313pIW4mVJH2', 'brian_takiya77@outlook.com', 'brian_takiya77', 'change_user_permission', 'admin', 'oQEE1LSKn3Rt4T9jUML4Ih4k2we2', 'false'::jsonb, 'true'::jsonb, '2026-05-20T13:31:54.507Z'::timestamptz),
  ('rba8NntSOHNYfnYHFSOB', 'JPSHn4Zeq4RhmdQO313pIW4mVJH2', 'brian_takiya77@outlook.com', 'brian_takiya77', 'change_user_permission', 'admin', 'VlN44VojjDaGp2AVF398Gc3btiD3', 'true'::jsonb, 'false'::jsonb, '2026-05-20T13:29:39.955Z'::timestamptz),
  ('1q0d7UGoWwY8sgijslRH', 'JPSHn4Zeq4RhmdQO313pIW4mVJH2', 'brian_takiya77@outlook.com', 'brian_takiya77', 'change_user_permission', 'admin', 'a7HNZZyjLtZ9vwK2quKJzaCKaf73', 'false'::jsonb, 'true'::jsonb, '2026-05-20T13:31:30.876Z'::timestamptz),
  ('nyFovlDmhPOIltARKMkI', 'JPSHn4Zeq4RhmdQO313pIW4mVJH2', 'brian_takiya77@outlook.com', 'brian_takiya77', 'change_user_permission', 'admin', 'oMgxor0aUPUPVrNNK1Q5E4hLjC63', 'false'::jsonb, 'true'::jsonb, '2026-05-20T13:30:47.725Z'::timestamptz),
  ('cf0BIzhK5vwjqdjoDWDU', 'JPSHn4Zeq4RhmdQO313pIW4mVJH2', 'brian_takiya77@outlook.com', 'brian_takiya77', 'change_user_permission', 'admin', 'oMgxor0aUPUPVrNNK1Q5E4hLjC63', 'false'::jsonb, 'true'::jsonb, '2026-05-12T20:39:59.126Z'::timestamptz),
  ('DryieWyZ3UJm9uH8iUUX', 'JPSHn4Zeq4RhmdQO313pIW4mVJH2', 'brian_takiya77@outlook.com', 'brian_takiya77', 'change_user_permission', 'admin', 'oMgxor0aUPUPVrNNK1Q5E4hLjC63', 'true'::jsonb, 'false'::jsonb, '2026-05-12T20:23:30.025Z'::timestamptz),
  ('qG3iOoOWW4m7dDk7aDFP', 'JPSHn4Zeq4RhmdQO313pIW4mVJH2', 'brian_takiya77@outlook.com', 'brian_takiya77', 'change_user_permission', 'admin', 'teaHQJYhs6YKcqKbuAj7Jli96sI2', 'false'::jsonb, 'true'::jsonb, '2026-05-20T13:29:11.850Z'::timestamptz),
  ('69Y8uJWnZ7HbsHyoD0Ii', 'JPSHn4Zeq4RhmdQO313pIW4mVJH2', 'brian_takiya77@outlook.com', 'brian_takiya77', 'change_user_permission', 'admin', 'teaHQJYhs6YKcqKbuAj7Jli96sI2', 'false'::jsonb, 'true'::jsonb, '2026-05-20T13:29:27.335Z'::timestamptz),
  ('FPDI9gDErhBfGcDwoS62', 'JPSHn4Zeq4RhmdQO313pIW4mVJH2', 'brian_takiya77@outlook.com', 'brian_takiya77', 'change_user_permission', 'admin', 'VlN44VojjDaGp2AVF398Gc3btiD3', 'true'::jsonb, 'false'::jsonb, '2026-05-20T13:29:44.596Z'::timestamptz),
  ('BsccnumumPWuGxF7XrnS', 'JPSHn4Zeq4RhmdQO313pIW4mVJH2', 'brian_takiya77@outlook.com', 'brian_takiya77', 'change_user_permission', 'admin', 'VlN44VojjDaGp2AVF398Gc3btiD3', 'false'::jsonb, 'true'::jsonb, '2026-05-20T13:30:09.238Z'::timestamptz)
on conflict (id) do update set
  user_id = excluded.user_id,
  user_email = excluded.user_email,
  user_name = excluded.user_name,
  action = excluded.action,
  module = excluded.module,
  target_id = excluded.target_id,
  old_value = excluded.old_value,
  new_value = excluded.new_value,
  created_at = excluded.created_at;

